onset,duration,description
8.205078,0.5,SYM
8.205078,0.5,SYM
8.205078,0.5,SYM
8.205078,0.5,SYM
8.205078,0.5,SYM
8.205078,0.5,SYM
8.205078,0.5,SYM
8.205078,0.5,SYM
8.205078,0.5,SYM
8.205078,0.5,SYM
8.205078,0.5,SYM
8.205078,0.5,SYM
8.205078,0.5,SYM
8.205078,0.5,SYM
8.205078,0.5,SYM
8.205078,0.5,SYM
8.205078,0.5,SYM
8.205078,0.5,SYM
8.205078,0.5,SYM
8.205078,0.5,SYM
8.205078,0.5,SYM
8.205078,0.5,SYM
8.205078,0.5,SYM
8.205078,0.5,SYM
8.205078,0.5,SYM
8.205078,0.5,SYM
8.205078,0.5,SYM
8.205078,0.5,SYM
8.205078,0.5,SYM
8.205078,0.5,SYM
8.205078,0.5,SYM
8.205078,0.5,SYM
8.205078,0.5,SYM
8.205078,0.5,SYM
8.205078,0.5,SYM
8.205078,0.5,SYM
8.205078,0.5,SYM
8.205078,0.5,SYM
10.707031,0.5,ASYM
10.707031,0.5,ASYM
10.707031,0.5,ASYM
10.707031,0.5,ASYM
10.707031,0.5,ASYM
10.707031,0.5,ASYM
10.707031,0.5,ASYM
10.707031,0.5,ASYM
10.707031,0.5,ASYM
10.707031,0.5,ASYM
10.707031,0.5,ASYM
10.707031,0.5,ASYM
10.707031,0.5,ASYM
10.707031,0.5,ASYM
10.707031,0.5,ASYM
10.707031,0.5,ASYM
10.707031,0.5,ASYM
10.707031,0.5,ASYM
10.707031,0.5,ASYM
10.707031,0.5,ASYM
10.707031,0.5,ASYM
10.707031,0.5,ASYM
10.707031,0.5,ASYM
10.707031,0.5,ASYM
10.707031,0.5,ASYM
10.707031,0.5,ASYM
10.707031,0.5,ASYM
10.707031,0.5,ASYM
10.707031,0.5,ASYM
10.707031,0.5,ASYM
10.707031,0.5,ASYM
10.707031,0.5,ASYM
10.707031,0.5,ASYM
10.707031,0.5,ASYM
10.707031,0.5,ASYM
10.707031,0.5,ASYM
10.707031,0.5,ASYM
10.707031,0.5,ASYM
13.152344,0.5,ASYM
13.152344,0.5,ASYM
13.152344,0.5,ASYM
13.152344,0.5,ASYM
13.152344,0.5,ASYM
13.152344,0.5,ASYM
13.152344,0.5,ASYM
13.152344,0.5,ASYM
13.152344,0.5,ASYM
13.152344,0.5,ASYM
13.152344,0.5,ASYM
13.152344,0.5,ASYM
13.152344,0.5,ASYM
13.152344,0.5,ASYM
13.152344,0.5,ASYM
13.152344,0.5,ASYM
13.152344,0.5,ASYM
13.152344,0.5,ASYM
13.152344,0.5,ASYM
13.152344,0.5,ASYM
13.152344,0.5,ASYM
13.152344,0.5,ASYM
13.152344,0.5,ASYM
13.152344,0.5,ASYM
13.152344,0.5,ASYM
13.152344,0.5,ASYM
13.152344,0.5,ASYM
13.152344,0.5,ASYM
13.152344,0.5,ASYM
13.152344,0.5,ASYM
13.152344,0.5,ASYM
13.152344,0.5,ASYM
13.152344,0.5,ASYM
13.152344,0.5,ASYM
13.152344,0.5,ASYM
13.152344,0.5,ASYM
13.152344,0.5,ASYM
13.152344,0.5,ASYM
15.841797,0.5,SYM
15.841797,0.5,SYM
15.841797,0.5,SYM
15.841797,0.5,SYM
15.841797,0.5,SYM
15.841797,0.5,SYM
15.841797,0.5,SYM
15.841797,0.5,SYM
15.841797,0.5,SYM
15.841797,0.5,SYM
15.841797,0.5,SYM
15.841797,0.5,SYM
15.841797,0.5,SYM
15.841797,0.5,SYM
15.841797,0.5,SYM
15.841797,0.5,SYM
15.841797,0.5,SYM
15.841797,0.5,SYM
15.841797,0.5,SYM
15.841797,0.5,SYM
15.841797,0.5,SYM
15.841797,0.5,SYM
15.841797,0.5,SYM
15.841797,0.5,SYM
15.841797,0.5,SYM
15.841797,0.5,SYM
15.841797,0.5,SYM
15.841797,0.5,SYM
15.841797,0.5,SYM
15.841797,0.5,SYM
15.841797,0.5,SYM
15.841797,0.5,SYM
15.841797,0.5,SYM
15.841797,0.5,SYM
15.841797,0.5,SYM
15.841797,0.5,SYM
15.841797,0.5,SYM
15.841797,0.5,SYM
36.095703,0.5,SYM
36.095703,0.5,SYM
36.095703,0.5,SYM
36.095703,0.5,SYM
36.095703,0.5,SYM
36.095703,0.5,SYM
36.095703,0.5,SYM
36.095703,0.5,SYM
36.095703,0.5,SYM
36.095703,0.5,SYM
36.095703,0.5,SYM
36.095703,0.5,SYM
36.095703,0.5,SYM
36.095703,0.5,SYM
36.095703,0.5,SYM
36.095703,0.5,SYM
36.095703,0.5,SYM
36.095703,0.5,SYM
36.095703,0.5,SYM
36.095703,0.5,SYM
36.095703,0.5,SYM
36.095703,0.5,SYM
36.095703,0.5,SYM
36.095703,0.5,SYM
36.095703,0.5,SYM
36.095703,0.5,SYM
36.095703,0.5,SYM
36.095703,0.5,SYM
36.095703,0.5,SYM
36.095703,0.5,SYM
36.095703,0.5,SYM
36.095703,0.5,SYM
36.095703,0.5,SYM
36.095703,0.5,SYM
36.095703,0.5,SYM
36.095703,0.5,SYM
36.095703,0.5,SYM
36.095703,0.5,SYM
39.210938,0.5,SYM
39.210938,0.5,SYM
39.210938,0.5,SYM
39.210938,0.5,SYM
39.210938,0.5,SYM
39.210938,0.5,SYM
39.210938,0.5,SYM
39.210938,0.5,SYM
39.210938,0.5,SYM
39.210938,0.5,SYM
39.210938,0.5,SYM
39.210938,0.5,SYM
39.210938,0.5,SYM
39.210938,0.5,SYM
39.210938,0.5,SYM
39.210938,0.5,SYM
39.210938,0.5,SYM
39.210938,0.5,SYM
39.210938,0.5,SYM
39.210938,0.5,SYM
39.210938,0.5,SYM
39.210938,0.5,SYM
39.210938,0.5,SYM
39.210938,0.5,SYM
39.210938,0.5,SYM
39.210938,0.5,SYM
39.210938,0.5,SYM
39.210938,0.5,SYM
39.210938,0.5,SYM
39.210938,0.5,SYM
39.210938,0.5,SYM
39.210938,0.5,SYM
39.210938,0.5,SYM
39.210938,0.5,SYM
39.210938,0.5,SYM
39.210938,0.5,SYM
39.210938,0.5,SYM
39.210938,0.5,SYM
41.613281,0.5,ASYM
41.613281,0.5,ASYM
41.613281,0.5,ASYM
41.613281,0.5,ASYM
41.613281,0.5,ASYM
41.613281,0.5,ASYM
41.613281,0.5,ASYM
41.613281,0.5,ASYM
41.613281,0.5,ASYM
41.613281,0.5,ASYM
41.613281,0.5,ASYM
41.613281,0.5,ASYM
41.613281,0.5,ASYM
41.613281,0.5,ASYM
41.613281,0.5,ASYM
41.613281,0.5,ASYM
41.613281,0.5,ASYM
41.613281,0.5,ASYM
41.613281,0.5,ASYM
41.613281,0.5,ASYM
41.613281,0.5,ASYM
41.613281,0.5,ASYM
41.613281,0.5,ASYM
41.613281,0.5,ASYM
41.613281,0.5,ASYM
41.613281,0.5,ASYM
41.613281,0.5,ASYM
41.613281,0.5,ASYM
41.613281,0.5,ASYM
41.613281,0.5,ASYM
41.613281,0.5,ASYM
41.613281,0.5,ASYM
41.613281,0.5,ASYM
41.613281,0.5,ASYM
41.613281,0.5,ASYM
41.613281,0.5,ASYM
41.613281,0.5,ASYM
41.613281,0.5,ASYM
45.5,0.5,ASYM
45.5,0.5,ASYM
45.5,0.5,ASYM
45.5,0.5,ASYM
45.5,0.5,ASYM
45.5,0.5,ASYM
45.5,0.5,ASYM
45.5,0.5,ASYM
45.5,0.5,ASYM
45.5,0.5,ASYM
45.5,0.5,ASYM
45.5,0.5,ASYM
45.5,0.5,ASYM
45.5,0.5,ASYM
45.5,0.5,ASYM
45.5,0.5,ASYM
45.5,0.5,ASYM
45.5,0.5,ASYM
45.5,0.5,ASYM
45.5,0.5,ASYM
45.5,0.5,ASYM
45.5,0.5,ASYM
45.5,0.5,ASYM
45.5,0.5,ASYM
45.5,0.5,ASYM
45.5,0.5,ASYM
45.5,0.5,ASYM
45.5,0.5,ASYM
45.5,0.5,ASYM
45.5,0.5,ASYM
45.5,0.5,ASYM
45.5,0.5,ASYM
45.5,0.5,ASYM
45.5,0.5,ASYM
45.5,0.5,ASYM
45.5,0.5,ASYM
45.5,0.5,ASYM
45.5,0.5,ASYM
48.044922,0.5,SYM
48.044922,0.5,SYM
48.044922,0.5,SYM
48.044922,0.5,SYM
48.044922,0.5,SYM
48.044922,0.5,SYM
48.044922,0.5,SYM
48.044922,0.5,SYM
48.044922,0.5,SYM
48.044922,0.5,SYM
48.044922,0.5,SYM
48.044922,0.5,SYM
48.044922,0.5,SYM
48.044922,0.5,SYM
48.044922,0.5,SYM
48.044922,0.5,SYM
48.044922,0.5,SYM
48.044922,0.5,SYM
48.044922,0.5,SYM
48.044922,0.5,SYM
48.044922,0.5,SYM
48.044922,0.5,SYM
48.044922,0.5,SYM
48.044922,0.5,SYM
48.044922,0.5,SYM
48.044922,0.5,SYM
48.044922,0.5,SYM
48.044922,0.5,SYM
48.044922,0.5,SYM
48.044922,0.5,SYM
48.044922,0.5,SYM
48.044922,0.5,SYM
48.044922,0.5,SYM
48.044922,0.5,SYM
48.044922,0.5,SYM
48.044922,0.5,SYM
48.044922,0.5,SYM
48.044922,0.5,SYM
50.369141,0.5,ASYM
50.369141,0.5,ASYM
50.369141,0.5,ASYM
50.369141,0.5,ASYM
50.369141,0.5,ASYM
50.369141,0.5,ASYM
50.369141,0.5,ASYM
50.369141,0.5,ASYM
50.369141,0.5,ASYM
50.369141,0.5,ASYM
50.369141,0.5,ASYM
50.369141,0.5,ASYM
50.369141,0.5,ASYM
50.369141,0.5,ASYM
50.369141,0.5,ASYM
50.369141,0.5,ASYM
50.369141,0.5,ASYM
50.369141,0.5,ASYM
50.369141,0.5,ASYM
50.369141,0.5,ASYM
50.369141,0.5,ASYM
50.369141,0.5,ASYM
50.369141,0.5,ASYM
50.369141,0.5,ASYM
50.369141,0.5,ASYM
50.369141,0.5,ASYM
50.369141,0.5,ASYM
50.369141,0.5,ASYM
50.369141,0.5,ASYM
50.369141,0.5,ASYM
50.369141,0.5,ASYM
50.369141,0.5,ASYM
50.369141,0.5,ASYM
50.369141,0.5,ASYM
50.369141,0.5,ASYM
50.369141,0.5,ASYM
50.369141,0.5,ASYM
50.369141,0.5,ASYM
52.570312,0.5,ASYM
52.570312,0.5,ASYM
52.570312,0.5,ASYM
52.570312,0.5,ASYM
52.570312,0.5,ASYM
52.570312,0.5,ASYM
52.570312,0.5,ASYM
52.570312,0.5,ASYM
52.570312,0.5,ASYM
52.570312,0.5,ASYM
52.570312,0.5,ASYM
52.570312,0.5,ASYM
52.570312,0.5,ASYM
52.570312,0.5,ASYM
52.570312,0.5,ASYM
52.570312,0.5,ASYM
52.570312,0.5,ASYM
52.570312,0.5,ASYM
52.570312,0.5,ASYM
52.570312,0.5,ASYM
52.570312,0.5,ASYM
52.570312,0.5,ASYM
52.570312,0.5,ASYM
52.570312,0.5,ASYM
52.570312,0.5,ASYM
52.570312,0.5,ASYM
52.570312,0.5,ASYM
52.570312,0.5,ASYM
52.570312,0.5,ASYM
52.570312,0.5,ASYM
52.570312,0.5,ASYM
52.570312,0.5,ASYM
52.570312,0.5,ASYM
52.570312,0.5,ASYM
52.570312,0.5,ASYM
52.570312,0.5,ASYM
52.570312,0.5,ASYM
52.570312,0.5,ASYM
54.916016,0.5,ASYM
54.916016,0.5,ASYM
54.916016,0.5,ASYM
54.916016,0.5,ASYM
54.916016,0.5,ASYM
54.916016,0.5,ASYM
54.916016,0.5,ASYM
54.916016,0.5,ASYM
54.916016,0.5,ASYM
54.916016,0.5,ASYM
54.916016,0.5,ASYM
54.916016,0.5,ASYM
54.916016,0.5,ASYM
54.916016,0.5,ASYM
54.916016,0.5,ASYM
54.916016,0.5,ASYM
54.916016,0.5,ASYM
54.916016,0.5,ASYM
54.916016,0.5,ASYM
54.916016,0.5,ASYM
54.916016,0.5,ASYM
54.916016,0.5,ASYM
54.916016,0.5,ASYM
54.916016,0.5,ASYM
54.916016,0.5,ASYM
54.916016,0.5,ASYM
54.916016,0.5,ASYM
54.916016,0.5,ASYM
54.916016,0.5,ASYM
54.916016,0.5,ASYM
54.916016,0.5,ASYM
54.916016,0.5,ASYM
54.916016,0.5,ASYM
54.916016,0.5,ASYM
54.916016,0.5,ASYM
54.916016,0.5,ASYM
54.916016,0.5,ASYM
54.916016,0.5,ASYM
57.919922,0.5,ASYM
57.919922,0.5,ASYM
57.919922,0.5,ASYM
57.919922,0.5,ASYM
57.919922,0.5,ASYM
57.919922,0.5,ASYM
57.919922,0.5,ASYM
57.919922,0.5,ASYM
57.919922,0.5,ASYM
57.919922,0.5,ASYM
57.919922,0.5,ASYM
57.919922,0.5,ASYM
57.919922,0.5,ASYM
57.919922,0.5,ASYM
57.919922,0.5,ASYM
57.919922,0.5,ASYM
57.919922,0.5,ASYM
57.919922,0.5,ASYM
57.919922,0.5,ASYM
57.919922,0.5,ASYM
57.919922,0.5,ASYM
57.919922,0.5,ASYM
57.919922,0.5,ASYM
57.919922,0.5,ASYM
57.919922,0.5,ASYM
57.919922,0.5,ASYM
57.919922,0.5,ASYM
57.919922,0.5,ASYM
57.919922,0.5,ASYM
57.919922,0.5,ASYM
57.919922,0.5,ASYM
57.919922,0.5,ASYM
57.919922,0.5,ASYM
57.919922,0.5,ASYM
57.919922,0.5,ASYM
57.919922,0.5,ASYM
57.919922,0.5,ASYM
57.919922,0.5,ASYM
60.064453,0.5,ASYM
60.064453,0.5,ASYM
60.064453,0.5,ASYM
60.064453,0.5,ASYM
60.064453,0.5,ASYM
60.064453,0.5,ASYM
60.064453,0.5,ASYM
60.064453,0.5,ASYM
60.064453,0.5,ASYM
60.064453,0.5,ASYM
60.064453,0.5,ASYM
60.064453,0.5,ASYM
60.064453,0.5,ASYM
60.064453,0.5,ASYM
60.064453,0.5,ASYM
60.064453,0.5,ASYM
60.064453,0.5,ASYM
60.064453,0.5,ASYM
60.064453,0.5,ASYM
60.064453,0.5,ASYM
60.064453,0.5,ASYM
60.064453,0.5,ASYM
60.064453,0.5,ASYM
60.064453,0.5,ASYM
60.064453,0.5,ASYM
60.064453,0.5,ASYM
60.064453,0.5,ASYM
60.064453,0.5,ASYM
60.064453,0.5,ASYM
60.064453,0.5,ASYM
60.064453,0.5,ASYM
60.064453,0.5,ASYM
60.064453,0.5,ASYM
60.064453,0.5,ASYM
60.064453,0.5,ASYM
60.064453,0.5,ASYM
60.064453,0.5,ASYM
60.064453,0.5,ASYM
62.466797,0.5,SYM
62.466797,0.5,SYM
62.466797,0.5,SYM
62.466797,0.5,SYM
62.466797,0.5,SYM
62.466797,0.5,SYM
62.466797,0.5,SYM
62.466797,0.5,SYM
62.466797,0.5,SYM
62.466797,0.5,SYM
62.466797,0.5,SYM
62.466797,0.5,SYM
62.466797,0.5,SYM
62.466797,0.5,SYM
62.466797,0.5,SYM
62.466797,0.5,SYM
62.466797,0.5,SYM
62.466797,0.5,SYM
62.466797,0.5,SYM
62.466797,0.5,SYM
62.466797,0.5,SYM
62.466797,0.5,SYM
62.466797,0.5,SYM
62.466797,0.5,SYM
62.466797,0.5,SYM
62.466797,0.5,SYM
62.466797,0.5,SYM
62.466797,0.5,SYM
62.466797,0.5,SYM
62.466797,0.5,SYM
62.466797,0.5,SYM
62.466797,0.5,SYM
62.466797,0.5,SYM
62.466797,0.5,SYM
62.466797,0.5,SYM
62.466797,0.5,SYM
62.466797,0.5,SYM
62.466797,0.5,SYM
64.576172,0.5,ASYM
64.576172,0.5,ASYM
64.576172,0.5,ASYM
64.576172,0.5,ASYM
64.576172,0.5,ASYM
64.576172,0.5,ASYM
64.576172,0.5,ASYM
64.576172,0.5,ASYM
64.576172,0.5,ASYM
64.576172,0.5,ASYM
64.576172,0.5,ASYM
64.576172,0.5,ASYM
64.576172,0.5,ASYM
64.576172,0.5,ASYM
64.576172,0.5,ASYM
64.576172,0.5,ASYM
64.576172,0.5,ASYM
64.576172,0.5,ASYM
64.576172,0.5,ASYM
64.576172,0.5,ASYM
64.576172,0.5,ASYM
64.576172,0.5,ASYM
64.576172,0.5,ASYM
64.576172,0.5,ASYM
64.576172,0.5,ASYM
64.576172,0.5,ASYM
64.576172,0.5,ASYM
64.576172,0.5,ASYM
64.576172,0.5,ASYM
64.576172,0.5,ASYM
64.576172,0.5,ASYM
64.576172,0.5,ASYM
64.576172,0.5,ASYM
64.576172,0.5,ASYM
64.576172,0.5,ASYM
64.576172,0.5,ASYM
64.576172,0.5,ASYM
64.576172,0.5,ASYM
66.876953,0.5,ASYM
66.876953,0.5,ASYM
66.876953,0.5,ASYM
66.876953,0.5,ASYM
66.876953,0.5,ASYM
66.876953,0.5,ASYM
66.876953,0.5,ASYM
66.876953,0.5,ASYM
66.876953,0.5,ASYM
66.876953,0.5,ASYM
66.876953,0.5,ASYM
66.876953,0.5,ASYM
66.876953,0.5,ASYM
66.876953,0.5,ASYM
66.876953,0.5,ASYM
66.876953,0.5,ASYM
66.876953,0.5,ASYM
66.876953,0.5,ASYM
66.876953,0.5,ASYM
66.876953,0.5,ASYM
66.876953,0.5,ASYM
66.876953,0.5,ASYM
66.876953,0.5,ASYM
66.876953,0.5,ASYM
66.876953,0.5,ASYM
66.876953,0.5,ASYM
66.876953,0.5,ASYM
66.876953,0.5,ASYM
66.876953,0.5,ASYM
66.876953,0.5,ASYM
66.876953,0.5,ASYM
66.876953,0.5,ASYM
66.876953,0.5,ASYM
66.876953,0.5,ASYM
66.876953,0.5,ASYM
66.876953,0.5,ASYM
66.876953,0.5,ASYM
66.876953,0.5,ASYM
69.111328,0.5,SYM
69.111328,0.5,SYM
69.111328,0.5,SYM
69.111328,0.5,SYM
69.111328,0.5,SYM
69.111328,0.5,SYM
69.111328,0.5,SYM
69.111328,0.5,SYM
69.111328,0.5,SYM
69.111328,0.5,SYM
69.111328,0.5,SYM
69.111328,0.5,SYM
69.111328,0.5,SYM
69.111328,0.5,SYM
69.111328,0.5,SYM
69.111328,0.5,SYM
69.111328,0.5,SYM
69.111328,0.5,SYM
69.111328,0.5,SYM
69.111328,0.5,SYM
69.111328,0.5,SYM
69.111328,0.5,SYM
69.111328,0.5,SYM
69.111328,0.5,SYM
69.111328,0.5,SYM
69.111328,0.5,SYM
69.111328,0.5,SYM
69.111328,0.5,SYM
69.111328,0.5,SYM
69.111328,0.5,SYM
69.111328,0.5,SYM
69.111328,0.5,SYM
69.111328,0.5,SYM
69.111328,0.5,SYM
69.111328,0.5,SYM
69.111328,0.5,SYM
69.111328,0.5,SYM
69.111328,0.5,SYM
71.3125,0.5,SYM
71.3125,0.5,SYM
71.3125,0.5,SYM
71.3125,0.5,SYM
71.3125,0.5,SYM
71.3125,0.5,SYM
71.3125,0.5,SYM
71.3125,0.5,SYM
71.3125,0.5,SYM
71.3125,0.5,SYM
71.3125,0.5,SYM
71.3125,0.5,SYM
71.3125,0.5,SYM
71.3125,0.5,SYM
71.3125,0.5,SYM
71.3125,0.5,SYM
71.3125,0.5,SYM
71.3125,0.5,SYM
71.3125,0.5,SYM
71.3125,0.5,SYM
71.3125,0.5,SYM
71.3125,0.5,SYM
71.3125,0.5,SYM
71.3125,0.5,SYM
71.3125,0.5,SYM
71.3125,0.5,SYM
71.3125,0.5,SYM
71.3125,0.5,SYM
71.3125,0.5,SYM
71.3125,0.5,SYM
71.3125,0.5,SYM
71.3125,0.5,SYM
71.3125,0.5,SYM
71.3125,0.5,SYM
71.3125,0.5,SYM
71.3125,0.5,SYM
71.3125,0.5,SYM
71.3125,0.5,SYM
73.511719,0.5,ASYM
73.511719,0.5,ASYM
73.511719,0.5,ASYM
73.511719,0.5,ASYM
73.511719,0.5,ASYM
73.511719,0.5,ASYM
73.511719,0.5,ASYM
73.511719,0.5,ASYM
73.511719,0.5,ASYM
73.511719,0.5,ASYM
73.511719,0.5,ASYM
73.511719,0.5,ASYM
73.511719,0.5,ASYM
73.511719,0.5,ASYM
73.511719,0.5,ASYM
73.511719,0.5,ASYM
73.511719,0.5,ASYM
73.511719,0.5,ASYM
73.511719,0.5,ASYM
73.511719,0.5,ASYM
73.511719,0.5,ASYM
73.511719,0.5,ASYM
73.511719,0.5,ASYM
73.511719,0.5,ASYM
73.511719,0.5,ASYM
73.511719,0.5,ASYM
73.511719,0.5,ASYM
73.511719,0.5,ASYM
73.511719,0.5,ASYM
73.511719,0.5,ASYM
73.511719,0.5,ASYM
73.511719,0.5,ASYM
73.511719,0.5,ASYM
73.511719,0.5,ASYM
73.511719,0.5,ASYM
73.511719,0.5,ASYM
73.511719,0.5,ASYM
73.511719,0.5,ASYM
75.601562,0.5,ASYM
75.601562,0.5,ASYM
75.601562,0.5,ASYM
75.601562,0.5,ASYM
75.601562,0.5,ASYM
75.601562,0.5,ASYM
75.601562,0.5,ASYM
75.601562,0.5,ASYM
75.601562,0.5,ASYM
75.601562,0.5,ASYM
75.601562,0.5,ASYM
75.601562,0.5,ASYM
75.601562,0.5,ASYM
75.601562,0.5,ASYM
75.601562,0.5,ASYM
75.601562,0.5,ASYM
75.601562,0.5,ASYM
75.601562,0.5,ASYM
75.601562,0.5,ASYM
75.601562,0.5,ASYM
75.601562,0.5,ASYM
75.601562,0.5,ASYM
75.601562,0.5,ASYM
75.601562,0.5,ASYM
75.601562,0.5,ASYM
75.601562,0.5,ASYM
75.601562,0.5,ASYM
75.601562,0.5,ASYM
75.601562,0.5,ASYM
75.601562,0.5,ASYM
75.601562,0.5,ASYM
75.601562,0.5,ASYM
75.601562,0.5,ASYM
75.601562,0.5,ASYM
75.601562,0.5,ASYM
75.601562,0.5,ASYM
75.601562,0.5,ASYM
75.601562,0.5,ASYM
77.802734,0.5,SYM
77.802734,0.5,SYM
77.802734,0.5,SYM
77.802734,0.5,SYM
77.802734,0.5,SYM
77.802734,0.5,SYM
77.802734,0.5,SYM
77.802734,0.5,SYM
77.802734,0.5,SYM
77.802734,0.5,SYM
77.802734,0.5,SYM
77.802734,0.5,SYM
77.802734,0.5,SYM
77.802734,0.5,SYM
77.802734,0.5,SYM
77.802734,0.5,SYM
77.802734,0.5,SYM
77.802734,0.5,SYM
77.802734,0.5,SYM
77.802734,0.5,SYM
77.802734,0.5,SYM
77.802734,0.5,SYM
77.802734,0.5,SYM
77.802734,0.5,SYM
77.802734,0.5,SYM
77.802734,0.5,SYM
77.802734,0.5,SYM
77.802734,0.5,SYM
77.802734,0.5,SYM
77.802734,0.5,SYM
77.802734,0.5,SYM
77.802734,0.5,SYM
77.802734,0.5,SYM
77.802734,0.5,SYM
77.802734,0.5,SYM
77.802734,0.5,SYM
77.802734,0.5,SYM
77.802734,0.5,SYM
79.869141,0.5,SYM
79.869141,0.5,SYM
79.869141,0.5,SYM
79.869141,0.5,SYM
79.869141,0.5,SYM
79.869141,0.5,SYM
79.869141,0.5,SYM
79.869141,0.5,SYM
79.869141,0.5,SYM
79.869141,0.5,SYM
79.869141,0.5,SYM
79.869141,0.5,SYM
79.869141,0.5,SYM
79.869141,0.5,SYM
79.869141,0.5,SYM
79.869141,0.5,SYM
79.869141,0.5,SYM
79.869141,0.5,SYM
79.869141,0.5,SYM
79.869141,0.5,SYM
79.869141,0.5,SYM
79.869141,0.5,SYM
79.869141,0.5,SYM
79.869141,0.5,SYM
79.869141,0.5,SYM
79.869141,0.5,SYM
79.869141,0.5,SYM
79.869141,0.5,SYM
79.869141,0.5,SYM
79.869141,0.5,SYM
79.869141,0.5,SYM
79.869141,0.5,SYM
79.869141,0.5,SYM
79.869141,0.5,SYM
79.869141,0.5,SYM
79.869141,0.5,SYM
79.869141,0.5,SYM
79.869141,0.5,SYM
82.001953,0.5,ASYM
82.001953,0.5,ASYM
82.001953,0.5,ASYM
82.001953,0.5,ASYM
82.001953,0.5,ASYM
82.001953,0.5,ASYM
82.001953,0.5,ASYM
82.001953,0.5,ASYM
82.001953,0.5,ASYM
82.001953,0.5,ASYM
82.001953,0.5,ASYM
82.001953,0.5,ASYM
82.001953,0.5,ASYM
82.001953,0.5,ASYM
82.001953,0.5,ASYM
82.001953,0.5,ASYM
82.001953,0.5,ASYM
82.001953,0.5,ASYM
82.001953,0.5,ASYM
82.001953,0.5,ASYM
82.001953,0.5,ASYM
82.001953,0.5,ASYM
82.001953,0.5,ASYM
82.001953,0.5,ASYM
82.001953,0.5,ASYM
82.001953,0.5,ASYM
82.001953,0.5,ASYM
82.001953,0.5,ASYM
82.001953,0.5,ASYM
82.001953,0.5,ASYM
82.001953,0.5,ASYM
82.001953,0.5,ASYM
82.001953,0.5,ASYM
82.001953,0.5,ASYM
82.001953,0.5,ASYM
82.001953,0.5,ASYM
82.001953,0.5,ASYM
82.001953,0.5,ASYM
86.033203,0.5,SYM
86.033203,0.5,SYM
86.033203,0.5,SYM
86.033203,0.5,SYM
86.033203,0.5,SYM
86.033203,0.5,SYM
86.033203,0.5,SYM
86.033203,0.5,SYM
86.033203,0.5,SYM
86.033203,0.5,SYM
86.033203,0.5,SYM
86.033203,0.5,SYM
86.033203,0.5,SYM
86.033203,0.5,SYM
86.033203,0.5,SYM
86.033203,0.5,SYM
86.033203,0.5,SYM
86.033203,0.5,SYM
86.033203,0.5,SYM
86.033203,0.5,SYM
86.033203,0.5,SYM
86.033203,0.5,SYM
86.033203,0.5,SYM
86.033203,0.5,SYM
86.033203,0.5,SYM
86.033203,0.5,SYM
86.033203,0.5,SYM
86.033203,0.5,SYM
86.033203,0.5,SYM
86.033203,0.5,SYM
86.033203,0.5,SYM
86.033203,0.5,SYM
86.033203,0.5,SYM
86.033203,0.5,SYM
86.033203,0.5,SYM
86.033203,0.5,SYM
86.033203,0.5,SYM
86.033203,0.5,SYM
89.517578,0.5,ASYM
89.517578,0.5,ASYM
89.517578,0.5,ASYM
89.517578,0.5,ASYM
89.517578,0.5,ASYM
89.517578,0.5,ASYM
89.517578,0.5,ASYM
89.517578,0.5,ASYM
89.517578,0.5,ASYM
89.517578,0.5,ASYM
89.517578,0.5,ASYM
89.517578,0.5,ASYM
89.517578,0.5,ASYM
89.517578,0.5,ASYM
89.517578,0.5,ASYM
89.517578,0.5,ASYM
89.517578,0.5,ASYM
89.517578,0.5,ASYM
89.517578,0.5,ASYM
89.517578,0.5,ASYM
89.517578,0.5,ASYM
89.517578,0.5,ASYM
89.517578,0.5,ASYM
89.517578,0.5,ASYM
89.517578,0.5,ASYM
89.517578,0.5,ASYM
89.517578,0.5,ASYM
89.517578,0.5,ASYM
89.517578,0.5,ASYM
89.517578,0.5,ASYM
89.517578,0.5,ASYM
89.517578,0.5,ASYM
89.517578,0.5,ASYM
89.517578,0.5,ASYM
89.517578,0.5,ASYM
89.517578,0.5,ASYM
89.517578,0.5,ASYM
89.517578,0.5,ASYM
91.707031,0.5,ASYM
91.707031,0.5,ASYM
91.707031,0.5,ASYM
91.707031,0.5,ASYM
91.707031,0.5,ASYM
91.707031,0.5,ASYM
91.707031,0.5,ASYM
91.707031,0.5,ASYM
91.707031,0.5,ASYM
91.707031,0.5,ASYM
91.707031,0.5,ASYM
91.707031,0.5,ASYM
91.707031,0.5,ASYM
91.707031,0.5,ASYM
91.707031,0.5,ASYM
91.707031,0.5,ASYM
91.707031,0.5,ASYM
91.707031,0.5,ASYM
91.707031,0.5,ASYM
91.707031,0.5,ASYM
91.707031,0.5,ASYM
91.707031,0.5,ASYM
91.707031,0.5,ASYM
91.707031,0.5,ASYM
91.707031,0.5,ASYM
91.707031,0.5,ASYM
91.707031,0.5,ASYM
91.707031,0.5,ASYM
91.707031,0.5,ASYM
91.707031,0.5,ASYM
91.707031,0.5,ASYM
91.707031,0.5,ASYM
91.707031,0.5,ASYM
91.707031,0.5,ASYM
91.707031,0.5,ASYM
91.707031,0.5,ASYM
91.707031,0.5,ASYM
91.707031,0.5,ASYM
93.841797,0.5,ASYM
93.841797,0.5,ASYM
93.841797,0.5,ASYM
93.841797,0.5,ASYM
93.841797,0.5,ASYM
93.841797,0.5,ASYM
93.841797,0.5,ASYM
93.841797,0.5,ASYM
93.841797,0.5,ASYM
93.841797,0.5,ASYM
93.841797,0.5,ASYM
93.841797,0.5,ASYM
93.841797,0.5,ASYM
93.841797,0.5,ASYM
93.841797,0.5,ASYM
93.841797,0.5,ASYM
93.841797,0.5,ASYM
93.841797,0.5,ASYM
93.841797,0.5,ASYM
93.841797,0.5,ASYM
93.841797,0.5,ASYM
93.841797,0.5,ASYM
93.841797,0.5,ASYM
93.841797,0.5,ASYM
93.841797,0.5,ASYM
93.841797,0.5,ASYM
93.841797,0.5,ASYM
93.841797,0.5,ASYM
93.841797,0.5,ASYM
93.841797,0.5,ASYM
93.841797,0.5,ASYM
93.841797,0.5,ASYM
93.841797,0.5,ASYM
93.841797,0.5,ASYM
93.841797,0.5,ASYM
93.841797,0.5,ASYM
93.841797,0.5,ASYM
93.841797,0.5,ASYM
96.220703,0.5,SYM
96.220703,0.5,SYM
96.220703,0.5,SYM
96.220703,0.5,SYM
96.220703,0.5,SYM
96.220703,0.5,SYM
96.220703,0.5,SYM
96.220703,0.5,SYM
96.220703,0.5,SYM
96.220703,0.5,SYM
96.220703,0.5,SYM
96.220703,0.5,SYM
96.220703,0.5,SYM
96.220703,0.5,SYM
96.220703,0.5,SYM
96.220703,0.5,SYM
96.220703,0.5,SYM
96.220703,0.5,SYM
96.220703,0.5,SYM
96.220703,0.5,SYM
96.220703,0.5,SYM
96.220703,0.5,SYM
96.220703,0.5,SYM
96.220703,0.5,SYM
96.220703,0.5,SYM
96.220703,0.5,SYM
96.220703,0.5,SYM
96.220703,0.5,SYM
96.220703,0.5,SYM
96.220703,0.5,SYM
96.220703,0.5,SYM
96.220703,0.5,SYM
96.220703,0.5,SYM
96.220703,0.5,SYM
96.220703,0.5,SYM
96.220703,0.5,SYM
96.220703,0.5,SYM
96.220703,0.5,SYM
98.398438,0.5,ASYM
98.398438,0.5,ASYM
98.398438,0.5,ASYM
98.398438,0.5,ASYM
98.398438,0.5,ASYM
98.398438,0.5,ASYM
98.398438,0.5,ASYM
98.398438,0.5,ASYM
98.398438,0.5,ASYM
98.398438,0.5,ASYM
98.398438,0.5,ASYM
98.398438,0.5,ASYM
98.398438,0.5,ASYM
98.398438,0.5,ASYM
98.398438,0.5,ASYM
98.398438,0.5,ASYM
98.398438,0.5,ASYM
98.398438,0.5,ASYM
98.398438,0.5,ASYM
98.398438,0.5,ASYM
98.398438,0.5,ASYM
98.398438,0.5,ASYM
98.398438,0.5,ASYM
98.398438,0.5,ASYM
98.398438,0.5,ASYM
98.398438,0.5,ASYM
98.398438,0.5,ASYM
98.398438,0.5,ASYM
98.398438,0.5,ASYM
98.398438,0.5,ASYM
98.398438,0.5,ASYM
98.398438,0.5,ASYM
98.398438,0.5,ASYM
98.398438,0.5,ASYM
98.398438,0.5,ASYM
98.398438,0.5,ASYM
98.398438,0.5,ASYM
98.398438,0.5,ASYM
100.464844,0.5,SYM
100.464844,0.5,SYM
100.464844,0.5,SYM
100.464844,0.5,SYM
100.464844,0.5,SYM
100.464844,0.5,SYM
100.464844,0.5,SYM
100.464844,0.5,SYM
100.464844,0.5,SYM
100.464844,0.5,SYM
100.464844,0.5,SYM
100.464844,0.5,SYM
100.464844,0.5,SYM
100.464844,0.5,SYM
100.464844,0.5,SYM
100.464844,0.5,SYM
100.464844,0.5,SYM
100.464844,0.5,SYM
100.464844,0.5,SYM
100.464844,0.5,SYM
100.464844,0.5,SYM
100.464844,0.5,SYM
100.464844,0.5,SYM
100.464844,0.5,SYM
100.464844,0.5,SYM
100.464844,0.5,SYM
100.464844,0.5,SYM
100.464844,0.5,SYM
100.464844,0.5,SYM
100.464844,0.5,SYM
100.464844,0.5,SYM
100.464844,0.5,SYM
100.464844,0.5,SYM
100.464844,0.5,SYM
100.464844,0.5,SYM
100.464844,0.5,SYM
100.464844,0.5,SYM
100.464844,0.5,SYM
104.955078,0.5,SYM
104.955078,0.5,SYM
104.955078,0.5,SYM
104.955078,0.5,SYM
104.955078,0.5,SYM
104.955078,0.5,SYM
104.955078,0.5,SYM
104.955078,0.5,SYM
104.955078,0.5,SYM
104.955078,0.5,SYM
104.955078,0.5,SYM
104.955078,0.5,SYM
104.955078,0.5,SYM
104.955078,0.5,SYM
104.955078,0.5,SYM
104.955078,0.5,SYM
104.955078,0.5,SYM
104.955078,0.5,SYM
104.955078,0.5,SYM
104.955078,0.5,SYM
104.955078,0.5,SYM
104.955078,0.5,SYM
104.955078,0.5,SYM
104.955078,0.5,SYM
104.955078,0.5,SYM
104.955078,0.5,SYM
104.955078,0.5,SYM
104.955078,0.5,SYM
104.955078,0.5,SYM
104.955078,0.5,SYM
104.955078,0.5,SYM
104.955078,0.5,SYM
104.955078,0.5,SYM
104.955078,0.5,SYM
104.955078,0.5,SYM
104.955078,0.5,SYM
104.955078,0.5,SYM
104.955078,0.5,SYM
107.177734,0.5,ASYM
107.177734,0.5,ASYM
107.177734,0.5,ASYM
107.177734,0.5,ASYM
107.177734,0.5,ASYM
107.177734,0.5,ASYM
107.177734,0.5,ASYM
107.177734,0.5,ASYM
107.177734,0.5,ASYM
107.177734,0.5,ASYM
107.177734,0.5,ASYM
107.177734,0.5,ASYM
107.177734,0.5,ASYM
107.177734,0.5,ASYM
107.177734,0.5,ASYM
107.177734,0.5,ASYM
107.177734,0.5,ASYM
107.177734,0.5,ASYM
107.177734,0.5,ASYM
107.177734,0.5,ASYM
107.177734,0.5,ASYM
107.177734,0.5,ASYM
107.177734,0.5,ASYM
107.177734,0.5,ASYM
107.177734,0.5,ASYM
107.177734,0.5,ASYM
107.177734,0.5,ASYM
107.177734,0.5,ASYM
107.177734,0.5,ASYM
107.177734,0.5,ASYM
107.177734,0.5,ASYM
107.177734,0.5,ASYM
107.177734,0.5,ASYM
107.177734,0.5,ASYM
107.177734,0.5,ASYM
107.177734,0.5,ASYM
107.177734,0.5,ASYM
107.177734,0.5,ASYM
109.277344,0.5,ASYM
109.277344,0.5,ASYM
109.277344,0.5,ASYM
109.277344,0.5,ASYM
109.277344,0.5,ASYM
109.277344,0.5,ASYM
109.277344,0.5,ASYM
109.277344,0.5,ASYM
109.277344,0.5,ASYM
109.277344,0.5,ASYM
109.277344,0.5,ASYM
109.277344,0.5,ASYM
109.277344,0.5,ASYM
109.277344,0.5,ASYM
109.277344,0.5,ASYM
109.277344,0.5,ASYM
109.277344,0.5,ASYM
109.277344,0.5,ASYM
109.277344,0.5,ASYM
109.277344,0.5,ASYM
109.277344,0.5,ASYM
109.277344,0.5,ASYM
109.277344,0.5,ASYM
109.277344,0.5,ASYM
109.277344,0.5,ASYM
109.277344,0.5,ASYM
109.277344,0.5,ASYM
109.277344,0.5,ASYM
109.277344,0.5,ASYM
109.277344,0.5,ASYM
109.277344,0.5,ASYM
109.277344,0.5,ASYM
109.277344,0.5,ASYM
109.277344,0.5,ASYM
109.277344,0.5,ASYM
109.277344,0.5,ASYM
109.277344,0.5,ASYM
109.277344,0.5,ASYM
111.466797,0.5,ASYM
111.466797,0.5,ASYM
111.466797,0.5,ASYM
111.466797,0.5,ASYM
111.466797,0.5,ASYM
111.466797,0.5,ASYM
111.466797,0.5,ASYM
111.466797,0.5,ASYM
111.466797,0.5,ASYM
111.466797,0.5,ASYM
111.466797,0.5,ASYM
111.466797,0.5,ASYM
111.466797,0.5,ASYM
111.466797,0.5,ASYM
111.466797,0.5,ASYM
111.466797,0.5,ASYM
111.466797,0.5,ASYM
111.466797,0.5,ASYM
111.466797,0.5,ASYM
111.466797,0.5,ASYM
111.466797,0.5,ASYM
111.466797,0.5,ASYM
111.466797,0.5,ASYM
111.466797,0.5,ASYM
111.466797,0.5,ASYM
111.466797,0.5,ASYM
111.466797,0.5,ASYM
111.466797,0.5,ASYM
111.466797,0.5,ASYM
111.466797,0.5,ASYM
111.466797,0.5,ASYM
111.466797,0.5,ASYM
111.466797,0.5,ASYM
111.466797,0.5,ASYM
111.466797,0.5,ASYM
111.466797,0.5,ASYM
111.466797,0.5,ASYM
111.466797,0.5,ASYM
114.794922,0.5,SYM
114.794922,0.5,SYM
114.794922,0.5,SYM
114.794922,0.5,SYM
114.794922,0.5,SYM
114.794922,0.5,SYM
114.794922,0.5,SYM
114.794922,0.5,SYM
114.794922,0.5,SYM
114.794922,0.5,SYM
114.794922,0.5,SYM
114.794922,0.5,SYM
114.794922,0.5,SYM
114.794922,0.5,SYM
114.794922,0.5,SYM
114.794922,0.5,SYM
114.794922,0.5,SYM
114.794922,0.5,SYM
114.794922,0.5,SYM
114.794922,0.5,SYM
114.794922,0.5,SYM
114.794922,0.5,SYM
114.794922,0.5,SYM
114.794922,0.5,SYM
114.794922,0.5,SYM
114.794922,0.5,SYM
114.794922,0.5,SYM
114.794922,0.5,SYM
114.794922,0.5,SYM
114.794922,0.5,SYM
114.794922,0.5,SYM
114.794922,0.5,SYM
114.794922,0.5,SYM
114.794922,0.5,SYM
114.794922,0.5,SYM
114.794922,0.5,SYM
114.794922,0.5,SYM
114.794922,0.5,SYM
117.0625,0.5,SYM
117.0625,0.5,SYM
117.0625,0.5,SYM
117.0625,0.5,SYM
117.0625,0.5,SYM
117.0625,0.5,SYM
117.0625,0.5,SYM
117.0625,0.5,SYM
117.0625,0.5,SYM
117.0625,0.5,SYM
117.0625,0.5,SYM
117.0625,0.5,SYM
117.0625,0.5,SYM
117.0625,0.5,SYM
117.0625,0.5,SYM
117.0625,0.5,SYM
117.0625,0.5,SYM
117.0625,0.5,SYM
117.0625,0.5,SYM
117.0625,0.5,SYM
117.0625,0.5,SYM
117.0625,0.5,SYM
117.0625,0.5,SYM
117.0625,0.5,SYM
117.0625,0.5,SYM
117.0625,0.5,SYM
117.0625,0.5,SYM
117.0625,0.5,SYM
117.0625,0.5,SYM
117.0625,0.5,SYM
117.0625,0.5,SYM
117.0625,0.5,SYM
117.0625,0.5,SYM
117.0625,0.5,SYM
117.0625,0.5,SYM
117.0625,0.5,SYM
117.0625,0.5,SYM
117.0625,0.5,SYM
119.240234,0.5,ASYM
119.240234,0.5,ASYM
119.240234,0.5,ASYM
119.240234,0.5,ASYM
119.240234,0.5,ASYM
119.240234,0.5,ASYM
119.240234,0.5,ASYM
119.240234,0.5,ASYM
119.240234,0.5,ASYM
119.240234,0.5,ASYM
119.240234,0.5,ASYM
119.240234,0.5,ASYM
119.240234,0.5,ASYM
119.240234,0.5,ASYM
119.240234,0.5,ASYM
119.240234,0.5,ASYM
119.240234,0.5,ASYM
119.240234,0.5,ASYM
119.240234,0.5,ASYM
119.240234,0.5,ASYM
119.240234,0.5,ASYM
119.240234,0.5,ASYM
119.240234,0.5,ASYM
119.240234,0.5,ASYM
119.240234,0.5,ASYM
119.240234,0.5,ASYM
119.240234,0.5,ASYM
119.240234,0.5,ASYM
119.240234,0.5,ASYM
119.240234,0.5,ASYM
119.240234,0.5,ASYM
119.240234,0.5,ASYM
119.240234,0.5,ASYM
119.240234,0.5,ASYM
119.240234,0.5,ASYM
119.240234,0.5,ASYM
119.240234,0.5,ASYM
119.240234,0.5,ASYM
121.417969,0.5,SYM
121.417969,0.5,SYM
121.417969,0.5,SYM
121.417969,0.5,SYM
121.417969,0.5,SYM
121.417969,0.5,SYM
121.417969,0.5,SYM
121.417969,0.5,SYM
121.417969,0.5,SYM
121.417969,0.5,SYM
121.417969,0.5,SYM
121.417969,0.5,SYM
121.417969,0.5,SYM
121.417969,0.5,SYM
121.417969,0.5,SYM
121.417969,0.5,SYM
121.417969,0.5,SYM
121.417969,0.5,SYM
121.417969,0.5,SYM
121.417969,0.5,SYM
121.417969,0.5,SYM
121.417969,0.5,SYM
121.417969,0.5,SYM
121.417969,0.5,SYM
121.417969,0.5,SYM
121.417969,0.5,SYM
121.417969,0.5,SYM
121.417969,0.5,SYM
121.417969,0.5,SYM
121.417969,0.5,SYM
121.417969,0.5,SYM
121.417969,0.5,SYM
121.417969,0.5,SYM
121.417969,0.5,SYM
121.417969,0.5,SYM
121.417969,0.5,SYM
121.417969,0.5,SYM
121.417969,0.5,SYM
123.462891,0.5,SYM
123.462891,0.5,SYM
123.462891,0.5,SYM
123.462891,0.5,SYM
123.462891,0.5,SYM
123.462891,0.5,SYM
123.462891,0.5,SYM
123.462891,0.5,SYM
123.462891,0.5,SYM
123.462891,0.5,SYM
123.462891,0.5,SYM
123.462891,0.5,SYM
123.462891,0.5,SYM
123.462891,0.5,SYM
123.462891,0.5,SYM
123.462891,0.5,SYM
123.462891,0.5,SYM
123.462891,0.5,SYM
123.462891,0.5,SYM
123.462891,0.5,SYM
123.462891,0.5,SYM
123.462891,0.5,SYM
123.462891,0.5,SYM
123.462891,0.5,SYM
123.462891,0.5,SYM
123.462891,0.5,SYM
123.462891,0.5,SYM
123.462891,0.5,SYM
123.462891,0.5,SYM
123.462891,0.5,SYM
123.462891,0.5,SYM
123.462891,0.5,SYM
123.462891,0.5,SYM
123.462891,0.5,SYM
123.462891,0.5,SYM
123.462891,0.5,SYM
123.462891,0.5,SYM
123.462891,0.5,SYM
125.863281,0.5,ASYM
125.863281,0.5,ASYM
125.863281,0.5,ASYM
125.863281,0.5,ASYM
125.863281,0.5,ASYM
125.863281,0.5,ASYM
125.863281,0.5,ASYM
125.863281,0.5,ASYM
125.863281,0.5,ASYM
125.863281,0.5,ASYM
125.863281,0.5,ASYM
125.863281,0.5,ASYM
125.863281,0.5,ASYM
125.863281,0.5,ASYM
125.863281,0.5,ASYM
125.863281,0.5,ASYM
125.863281,0.5,ASYM
125.863281,0.5,ASYM
125.863281,0.5,ASYM
125.863281,0.5,ASYM
125.863281,0.5,ASYM
125.863281,0.5,ASYM
125.863281,0.5,ASYM
125.863281,0.5,ASYM
125.863281,0.5,ASYM
125.863281,0.5,ASYM
125.863281,0.5,ASYM
125.863281,0.5,ASYM
125.863281,0.5,ASYM
125.863281,0.5,ASYM
125.863281,0.5,ASYM
125.863281,0.5,ASYM
125.863281,0.5,ASYM
125.863281,0.5,ASYM
125.863281,0.5,ASYM
125.863281,0.5,ASYM
125.863281,0.5,ASYM
125.863281,0.5,ASYM
127.974609,0.5,ASYM
127.974609,0.5,ASYM
127.974609,0.5,ASYM
127.974609,0.5,ASYM
127.974609,0.5,ASYM
127.974609,0.5,ASYM
127.974609,0.5,ASYM
127.974609,0.5,ASYM
127.974609,0.5,ASYM
127.974609,0.5,ASYM
127.974609,0.5,ASYM
127.974609,0.5,ASYM
127.974609,0.5,ASYM
127.974609,0.5,ASYM
127.974609,0.5,ASYM
127.974609,0.5,ASYM
127.974609,0.5,ASYM
127.974609,0.5,ASYM
127.974609,0.5,ASYM
127.974609,0.5,ASYM
127.974609,0.5,ASYM
127.974609,0.5,ASYM
127.974609,0.5,ASYM
127.974609,0.5,ASYM
127.974609,0.5,ASYM
127.974609,0.5,ASYM
127.974609,0.5,ASYM
127.974609,0.5,ASYM
127.974609,0.5,ASYM
127.974609,0.5,ASYM
127.974609,0.5,ASYM
127.974609,0.5,ASYM
127.974609,0.5,ASYM
127.974609,0.5,ASYM
127.974609,0.5,ASYM
127.974609,0.5,ASYM
127.974609,0.5,ASYM
127.974609,0.5,ASYM
130.064453,0.5,ASYM
130.064453,0.5,ASYM
130.064453,0.5,ASYM
130.064453,0.5,ASYM
130.064453,0.5,ASYM
130.064453,0.5,ASYM
130.064453,0.5,ASYM
130.064453,0.5,ASYM
130.064453,0.5,ASYM
130.064453,0.5,ASYM
130.064453,0.5,ASYM
130.064453,0.5,ASYM
130.064453,0.5,ASYM
130.064453,0.5,ASYM
130.064453,0.5,ASYM
130.064453,0.5,ASYM
130.064453,0.5,ASYM
130.064453,0.5,ASYM
130.064453,0.5,ASYM
130.064453,0.5,ASYM
130.064453,0.5,ASYM
130.064453,0.5,ASYM
130.064453,0.5,ASYM
130.064453,0.5,ASYM
130.064453,0.5,ASYM
130.064453,0.5,ASYM
130.064453,0.5,ASYM
130.064453,0.5,ASYM
130.064453,0.5,ASYM
130.064453,0.5,ASYM
130.064453,0.5,ASYM
130.064453,0.5,ASYM
130.064453,0.5,ASYM
130.064453,0.5,ASYM
130.064453,0.5,ASYM
130.064453,0.5,ASYM
130.064453,0.5,ASYM
130.064453,0.5,ASYM
133.035156,0.5,SYM
133.035156,0.5,SYM
133.035156,0.5,SYM
133.035156,0.5,SYM
133.035156,0.5,SYM
133.035156,0.5,SYM
133.035156,0.5,SYM
133.035156,0.5,SYM
133.035156,0.5,SYM
133.035156,0.5,SYM
133.035156,0.5,SYM
133.035156,0.5,SYM
133.035156,0.5,SYM
133.035156,0.5,SYM
133.035156,0.5,SYM
133.035156,0.5,SYM
133.035156,0.5,SYM
133.035156,0.5,SYM
133.035156,0.5,SYM
133.035156,0.5,SYM
133.035156,0.5,SYM
133.035156,0.5,SYM
133.035156,0.5,SYM
133.035156,0.5,SYM
133.035156,0.5,SYM
133.035156,0.5,SYM
133.035156,0.5,SYM
133.035156,0.5,SYM
133.035156,0.5,SYM
133.035156,0.5,SYM
133.035156,0.5,SYM
133.035156,0.5,SYM
133.035156,0.5,SYM
133.035156,0.5,SYM
133.035156,0.5,SYM
133.035156,0.5,SYM
133.035156,0.5,SYM
133.035156,0.5,SYM
135.078125,0.5,SYM
135.078125,0.5,SYM
135.078125,0.5,SYM
135.078125,0.5,SYM
135.078125,0.5,SYM
135.078125,0.5,SYM
135.078125,0.5,SYM
135.078125,0.5,SYM
135.078125,0.5,SYM
135.078125,0.5,SYM
135.078125,0.5,SYM
135.078125,0.5,SYM
135.078125,0.5,SYM
135.078125,0.5,SYM
135.078125,0.5,SYM
135.078125,0.5,SYM
135.078125,0.5,SYM
135.078125,0.5,SYM
135.078125,0.5,SYM
135.078125,0.5,SYM
135.078125,0.5,SYM
135.078125,0.5,SYM
135.078125,0.5,SYM
135.078125,0.5,SYM
135.078125,0.5,SYM
135.078125,0.5,SYM
135.078125,0.5,SYM
135.078125,0.5,SYM
135.078125,0.5,SYM
135.078125,0.5,SYM
135.078125,0.5,SYM
135.078125,0.5,SYM
135.078125,0.5,SYM
135.078125,0.5,SYM
135.078125,0.5,SYM
135.078125,0.5,SYM
135.078125,0.5,SYM
135.078125,0.5,SYM
137.167969,0.5,SYM
137.167969,0.5,SYM
137.167969,0.5,SYM
137.167969,0.5,SYM
137.167969,0.5,SYM
137.167969,0.5,SYM
137.167969,0.5,SYM
137.167969,0.5,SYM
137.167969,0.5,SYM
137.167969,0.5,SYM
137.167969,0.5,SYM
137.167969,0.5,SYM
137.167969,0.5,SYM
137.167969,0.5,SYM
137.167969,0.5,SYM
137.167969,0.5,SYM
137.167969,0.5,SYM
137.167969,0.5,SYM
137.167969,0.5,SYM
137.167969,0.5,SYM
137.167969,0.5,SYM
137.167969,0.5,SYM
137.167969,0.5,SYM
137.167969,0.5,SYM
137.167969,0.5,SYM
137.167969,0.5,SYM
137.167969,0.5,SYM
137.167969,0.5,SYM
137.167969,0.5,SYM
137.167969,0.5,SYM
137.167969,0.5,SYM
137.167969,0.5,SYM
137.167969,0.5,SYM
137.167969,0.5,SYM
137.167969,0.5,SYM
137.167969,0.5,SYM
137.167969,0.5,SYM
137.167969,0.5,SYM
139.210938,0.5,ASYM
139.210938,0.5,ASYM
139.210938,0.5,ASYM
139.210938,0.5,ASYM
139.210938,0.5,ASYM
139.210938,0.5,ASYM
139.210938,0.5,ASYM
139.210938,0.5,ASYM
139.210938,0.5,ASYM
139.210938,0.5,ASYM
139.210938,0.5,ASYM
139.210938,0.5,ASYM
139.210938,0.5,ASYM
139.210938,0.5,ASYM
139.210938,0.5,ASYM
139.210938,0.5,ASYM
139.210938,0.5,ASYM
139.210938,0.5,ASYM
139.210938,0.5,ASYM
139.210938,0.5,ASYM
139.210938,0.5,ASYM
139.210938,0.5,ASYM
139.210938,0.5,ASYM
139.210938,0.5,ASYM
139.210938,0.5,ASYM
139.210938,0.5,ASYM
139.210938,0.5,ASYM
139.210938,0.5,ASYM
139.210938,0.5,ASYM
139.210938,0.5,ASYM
139.210938,0.5,ASYM
139.210938,0.5,ASYM
139.210938,0.5,ASYM
139.210938,0.5,ASYM
139.210938,0.5,ASYM
139.210938,0.5,ASYM
139.210938,0.5,ASYM
139.210938,0.5,ASYM
141.333984,0.5,ASYM
141.333984,0.5,ASYM
141.333984,0.5,ASYM
141.333984,0.5,ASYM
141.333984,0.5,ASYM
141.333984,0.5,ASYM
141.333984,0.5,ASYM
141.333984,0.5,ASYM
141.333984,0.5,ASYM
141.333984,0.5,ASYM
141.333984,0.5,ASYM
141.333984,0.5,ASYM
141.333984,0.5,ASYM
141.333984,0.5,ASYM
141.333984,0.5,ASYM
141.333984,0.5,ASYM
141.333984,0.5,ASYM
141.333984,0.5,ASYM
141.333984,0.5,ASYM
141.333984,0.5,ASYM
141.333984,0.5,ASYM
141.333984,0.5,ASYM
141.333984,0.5,ASYM
141.333984,0.5,ASYM
141.333984,0.5,ASYM
141.333984,0.5,ASYM
141.333984,0.5,ASYM
141.333984,0.5,ASYM
141.333984,0.5,ASYM
141.333984,0.5,ASYM
141.333984,0.5,ASYM
141.333984,0.5,ASYM
141.333984,0.5,ASYM
141.333984,0.5,ASYM
141.333984,0.5,ASYM
141.333984,0.5,ASYM
141.333984,0.5,ASYM
141.333984,0.5,ASYM
143.478516,0.5,SYM
143.478516,0.5,SYM
143.478516,0.5,SYM
143.478516,0.5,SYM
143.478516,0.5,SYM
143.478516,0.5,SYM
143.478516,0.5,SYM
143.478516,0.5,SYM
143.478516,0.5,SYM
143.478516,0.5,SYM
143.478516,0.5,SYM
143.478516,0.5,SYM
143.478516,0.5,SYM
143.478516,0.5,SYM
143.478516,0.5,SYM
143.478516,0.5,SYM
143.478516,0.5,SYM
143.478516,0.5,SYM
143.478516,0.5,SYM
143.478516,0.5,SYM
143.478516,0.5,SYM
143.478516,0.5,SYM
143.478516,0.5,SYM
143.478516,0.5,SYM
143.478516,0.5,SYM
143.478516,0.5,SYM
143.478516,0.5,SYM
143.478516,0.5,SYM
143.478516,0.5,SYM
143.478516,0.5,SYM
143.478516,0.5,SYM
143.478516,0.5,SYM
143.478516,0.5,SYM
143.478516,0.5,SYM
143.478516,0.5,SYM
143.478516,0.5,SYM
143.478516,0.5,SYM
143.478516,0.5,SYM
147.152344,0.5,SYM
147.152344,0.5,SYM
147.152344,0.5,SYM
147.152344,0.5,SYM
147.152344,0.5,SYM
147.152344,0.5,SYM
147.152344,0.5,SYM
147.152344,0.5,SYM
147.152344,0.5,SYM
147.152344,0.5,SYM
147.152344,0.5,SYM
147.152344,0.5,SYM
147.152344,0.5,SYM
147.152344,0.5,SYM
147.152344,0.5,SYM
147.152344,0.5,SYM
147.152344,0.5,SYM
147.152344,0.5,SYM
147.152344,0.5,SYM
147.152344,0.5,SYM
147.152344,0.5,SYM
147.152344,0.5,SYM
147.152344,0.5,SYM
147.152344,0.5,SYM
147.152344,0.5,SYM
147.152344,0.5,SYM
147.152344,0.5,SYM
147.152344,0.5,SYM
147.152344,0.5,SYM
147.152344,0.5,SYM
147.152344,0.5,SYM
147.152344,0.5,SYM
147.152344,0.5,SYM
147.152344,0.5,SYM
147.152344,0.5,SYM
147.152344,0.5,SYM
147.152344,0.5,SYM
147.152344,0.5,SYM
149.197266,0.5,SYM
149.197266,0.5,SYM
149.197266,0.5,SYM
149.197266,0.5,SYM
149.197266,0.5,SYM
149.197266,0.5,SYM
149.197266,0.5,SYM
149.197266,0.5,SYM
149.197266,0.5,SYM
149.197266,0.5,SYM
149.197266,0.5,SYM
149.197266,0.5,SYM
149.197266,0.5,SYM
149.197266,0.5,SYM
149.197266,0.5,SYM
149.197266,0.5,SYM
149.197266,0.5,SYM
149.197266,0.5,SYM
149.197266,0.5,SYM
149.197266,0.5,SYM
149.197266,0.5,SYM
149.197266,0.5,SYM
149.197266,0.5,SYM
149.197266,0.5,SYM
149.197266,0.5,SYM
149.197266,0.5,SYM
149.197266,0.5,SYM
149.197266,0.5,SYM
149.197266,0.5,SYM
149.197266,0.5,SYM
149.197266,0.5,SYM
149.197266,0.5,SYM
149.197266,0.5,SYM
149.197266,0.5,SYM
149.197266,0.5,SYM
149.197266,0.5,SYM
149.197266,0.5,SYM
149.197266,0.5,SYM
151.275391,0.5,ASYM
151.275391,0.5,ASYM
151.275391,0.5,ASYM
151.275391,0.5,ASYM
151.275391,0.5,ASYM
151.275391,0.5,ASYM
151.275391,0.5,ASYM
151.275391,0.5,ASYM
151.275391,0.5,ASYM
151.275391,0.5,ASYM
151.275391,0.5,ASYM
151.275391,0.5,ASYM
151.275391,0.5,ASYM
151.275391,0.5,ASYM
151.275391,0.5,ASYM
151.275391,0.5,ASYM
151.275391,0.5,ASYM
151.275391,0.5,ASYM
151.275391,0.5,ASYM
151.275391,0.5,ASYM
151.275391,0.5,ASYM
151.275391,0.5,ASYM
151.275391,0.5,ASYM
151.275391,0.5,ASYM
151.275391,0.5,ASYM
151.275391,0.5,ASYM
151.275391,0.5,ASYM
151.275391,0.5,ASYM
151.275391,0.5,ASYM
151.275391,0.5,ASYM
151.275391,0.5,ASYM
151.275391,0.5,ASYM
151.275391,0.5,ASYM
151.275391,0.5,ASYM
151.275391,0.5,ASYM
151.275391,0.5,ASYM
151.275391,0.5,ASYM
151.275391,0.5,ASYM
153.396484,0.5,SYM
153.396484,0.5,SYM
153.396484,0.5,SYM
153.396484,0.5,SYM
153.396484,0.5,SYM
153.396484,0.5,SYM
153.396484,0.5,SYM
153.396484,0.5,SYM
153.396484,0.5,SYM
153.396484,0.5,SYM
153.396484,0.5,SYM
153.396484,0.5,SYM
153.396484,0.5,SYM
153.396484,0.5,SYM
153.396484,0.5,SYM
153.396484,0.5,SYM
153.396484,0.5,SYM
153.396484,0.5,SYM
153.396484,0.5,SYM
153.396484,0.5,SYM
153.396484,0.5,SYM
153.396484,0.5,SYM
153.396484,0.5,SYM
153.396484,0.5,SYM
153.396484,0.5,SYM
153.396484,0.5,SYM
153.396484,0.5,SYM
153.396484,0.5,SYM
153.396484,0.5,SYM
153.396484,0.5,SYM
153.396484,0.5,SYM
153.396484,0.5,SYM
153.396484,0.5,SYM
153.396484,0.5,SYM
153.396484,0.5,SYM
153.396484,0.5,SYM
153.396484,0.5,SYM
153.396484,0.5,SYM
155.417969,0.5,ASYM
155.417969,0.5,ASYM
155.417969,0.5,ASYM
155.417969,0.5,ASYM
155.417969,0.5,ASYM
155.417969,0.5,ASYM
155.417969,0.5,ASYM
155.417969,0.5,ASYM
155.417969,0.5,ASYM
155.417969,0.5,ASYM
155.417969,0.5,ASYM
155.417969,0.5,ASYM
155.417969,0.5,ASYM
155.417969,0.5,ASYM
155.417969,0.5,ASYM
155.417969,0.5,ASYM
155.417969,0.5,ASYM
155.417969,0.5,ASYM
155.417969,0.5,ASYM
155.417969,0.5,ASYM
155.417969,0.5,ASYM
155.417969,0.5,ASYM
155.417969,0.5,ASYM
155.417969,0.5,ASYM
155.417969,0.5,ASYM
155.417969,0.5,ASYM
155.417969,0.5,ASYM
155.417969,0.5,ASYM
155.417969,0.5,ASYM
155.417969,0.5,ASYM
155.417969,0.5,ASYM
155.417969,0.5,ASYM
155.417969,0.5,ASYM
155.417969,0.5,ASYM
155.417969,0.5,ASYM
155.417969,0.5,ASYM
155.417969,0.5,ASYM
155.417969,0.5,ASYM
157.451172,0.5,ASYM
157.451172,0.5,ASYM
157.451172,0.5,ASYM
157.451172,0.5,ASYM
157.451172,0.5,ASYM
157.451172,0.5,ASYM
157.451172,0.5,ASYM
157.451172,0.5,ASYM
157.451172,0.5,ASYM
157.451172,0.5,ASYM
157.451172,0.5,ASYM
157.451172,0.5,ASYM
157.451172,0.5,ASYM
157.451172,0.5,ASYM
157.451172,0.5,ASYM
157.451172,0.5,ASYM
157.451172,0.5,ASYM
157.451172,0.5,ASYM
157.451172,0.5,ASYM
157.451172,0.5,ASYM
157.451172,0.5,ASYM
157.451172,0.5,ASYM
157.451172,0.5,ASYM
157.451172,0.5,ASYM
157.451172,0.5,ASYM
157.451172,0.5,ASYM
157.451172,0.5,ASYM
157.451172,0.5,ASYM
157.451172,0.5,ASYM
157.451172,0.5,ASYM
157.451172,0.5,ASYM
157.451172,0.5,ASYM
157.451172,0.5,ASYM
157.451172,0.5,ASYM
157.451172,0.5,ASYM
157.451172,0.5,ASYM
157.451172,0.5,ASYM
157.451172,0.5,ASYM
159.796875,0.5,ASYM
159.796875,0.5,ASYM
159.796875,0.5,ASYM
159.796875,0.5,ASYM
159.796875,0.5,ASYM
159.796875,0.5,ASYM
159.796875,0.5,ASYM
159.796875,0.5,ASYM
159.796875,0.5,ASYM
159.796875,0.5,ASYM
159.796875,0.5,ASYM
159.796875,0.5,ASYM
159.796875,0.5,ASYM
159.796875,0.5,ASYM
159.796875,0.5,ASYM
159.796875,0.5,ASYM
159.796875,0.5,ASYM
159.796875,0.5,ASYM
159.796875,0.5,ASYM
159.796875,0.5,ASYM
159.796875,0.5,ASYM
159.796875,0.5,ASYM
159.796875,0.5,ASYM
159.796875,0.5,ASYM
159.796875,0.5,ASYM
159.796875,0.5,ASYM
159.796875,0.5,ASYM
159.796875,0.5,ASYM
159.796875,0.5,ASYM
159.796875,0.5,ASYM
159.796875,0.5,ASYM
159.796875,0.5,ASYM
159.796875,0.5,ASYM
159.796875,0.5,ASYM
159.796875,0.5,ASYM
159.796875,0.5,ASYM
159.796875,0.5,ASYM
159.796875,0.5,ASYM
161.941406,0.5,ASYM
161.941406,0.5,ASYM
161.941406,0.5,ASYM
161.941406,0.5,ASYM
161.941406,0.5,ASYM
161.941406,0.5,ASYM
161.941406,0.5,ASYM
161.941406,0.5,ASYM
161.941406,0.5,ASYM
161.941406,0.5,ASYM
161.941406,0.5,ASYM
161.941406,0.5,ASYM
161.941406,0.5,ASYM
161.941406,0.5,ASYM
161.941406,0.5,ASYM
161.941406,0.5,ASYM
161.941406,0.5,ASYM
161.941406,0.5,ASYM
161.941406,0.5,ASYM
161.941406,0.5,ASYM
161.941406,0.5,ASYM
161.941406,0.5,ASYM
161.941406,0.5,ASYM
161.941406,0.5,ASYM
161.941406,0.5,ASYM
161.941406,0.5,ASYM
161.941406,0.5,ASYM
161.941406,0.5,ASYM
161.941406,0.5,ASYM
161.941406,0.5,ASYM
161.941406,0.5,ASYM
161.941406,0.5,ASYM
161.941406,0.5,ASYM
161.941406,0.5,ASYM
161.941406,0.5,ASYM
161.941406,0.5,ASYM
161.941406,0.5,ASYM
161.941406,0.5,ASYM
164.052734,0.5,SYM
164.052734,0.5,SYM
164.052734,0.5,SYM
164.052734,0.5,SYM
164.052734,0.5,SYM
164.052734,0.5,SYM
164.052734,0.5,SYM
164.052734,0.5,SYM
164.052734,0.5,SYM
164.052734,0.5,SYM
164.052734,0.5,SYM
164.052734,0.5,SYM
164.052734,0.5,SYM
164.052734,0.5,SYM
164.052734,0.5,SYM
164.052734,0.5,SYM
164.052734,0.5,SYM
164.052734,0.5,SYM
164.052734,0.5,SYM
164.052734,0.5,SYM
164.052734,0.5,SYM
164.052734,0.5,SYM
164.052734,0.5,SYM
164.052734,0.5,SYM
164.052734,0.5,SYM
164.052734,0.5,SYM
164.052734,0.5,SYM
164.052734,0.5,SYM
164.052734,0.5,SYM
164.052734,0.5,SYM
164.052734,0.5,SYM
164.052734,0.5,SYM
164.052734,0.5,SYM
164.052734,0.5,SYM
164.052734,0.5,SYM
164.052734,0.5,SYM
164.052734,0.5,SYM
164.052734,0.5,SYM
167.158203,0.5,ASYM
167.158203,0.5,ASYM
167.158203,0.5,ASYM
167.158203,0.5,ASYM
167.158203,0.5,ASYM
167.158203,0.5,ASYM
167.158203,0.5,ASYM
167.158203,0.5,ASYM
167.158203,0.5,ASYM
167.158203,0.5,ASYM
167.158203,0.5,ASYM
167.158203,0.5,ASYM
167.158203,0.5,ASYM
167.158203,0.5,ASYM
167.158203,0.5,ASYM
167.158203,0.5,ASYM
167.158203,0.5,ASYM
167.158203,0.5,ASYM
167.158203,0.5,ASYM
167.158203,0.5,ASYM
167.158203,0.5,ASYM
167.158203,0.5,ASYM
167.158203,0.5,ASYM
167.158203,0.5,ASYM
167.158203,0.5,ASYM
167.158203,0.5,ASYM
167.158203,0.5,ASYM
167.158203,0.5,ASYM
167.158203,0.5,ASYM
167.158203,0.5,ASYM
167.158203,0.5,ASYM
167.158203,0.5,ASYM
167.158203,0.5,ASYM
167.158203,0.5,ASYM
167.158203,0.5,ASYM
167.158203,0.5,ASYM
167.158203,0.5,ASYM
167.158203,0.5,ASYM
170.027344,0.5,ASYM
170.027344,0.5,ASYM
170.027344,0.5,ASYM
170.027344,0.5,ASYM
170.027344,0.5,ASYM
170.027344,0.5,ASYM
170.027344,0.5,ASYM
170.027344,0.5,ASYM
170.027344,0.5,ASYM
170.027344,0.5,ASYM
170.027344,0.5,ASYM
170.027344,0.5,ASYM
170.027344,0.5,ASYM
170.027344,0.5,ASYM
170.027344,0.5,ASYM
170.027344,0.5,ASYM
170.027344,0.5,ASYM
170.027344,0.5,ASYM
170.027344,0.5,ASYM
170.027344,0.5,ASYM
170.027344,0.5,ASYM
170.027344,0.5,ASYM
170.027344,0.5,ASYM
170.027344,0.5,ASYM
170.027344,0.5,ASYM
170.027344,0.5,ASYM
170.027344,0.5,ASYM
170.027344,0.5,ASYM
170.027344,0.5,ASYM
170.027344,0.5,ASYM
170.027344,0.5,ASYM
170.027344,0.5,ASYM
170.027344,0.5,ASYM
170.027344,0.5,ASYM
170.027344,0.5,ASYM
170.027344,0.5,ASYM
170.027344,0.5,ASYM
170.027344,0.5,ASYM
172.140625,0.5,ASYM
172.140625,0.5,ASYM
172.140625,0.5,ASYM
172.140625,0.5,ASYM
172.140625,0.5,ASYM
172.140625,0.5,ASYM
172.140625,0.5,ASYM
172.140625,0.5,ASYM
172.140625,0.5,ASYM
172.140625,0.5,ASYM
172.140625,0.5,ASYM
172.140625,0.5,ASYM
172.140625,0.5,ASYM
172.140625,0.5,ASYM
172.140625,0.5,ASYM
172.140625,0.5,ASYM
172.140625,0.5,ASYM
172.140625,0.5,ASYM
172.140625,0.5,ASYM
172.140625,0.5,ASYM
172.140625,0.5,ASYM
172.140625,0.5,ASYM
172.140625,0.5,ASYM
172.140625,0.5,ASYM
172.140625,0.5,ASYM
172.140625,0.5,ASYM
172.140625,0.5,ASYM
172.140625,0.5,ASYM
172.140625,0.5,ASYM
172.140625,0.5,ASYM
172.140625,0.5,ASYM
172.140625,0.5,ASYM
172.140625,0.5,ASYM
172.140625,0.5,ASYM
172.140625,0.5,ASYM
172.140625,0.5,ASYM
172.140625,0.5,ASYM
172.140625,0.5,ASYM
175.667969,0.5,ASYM
175.667969,0.5,ASYM
175.667969,0.5,ASYM
175.667969,0.5,ASYM
175.667969,0.5,ASYM
175.667969,0.5,ASYM
175.667969,0.5,ASYM
175.667969,0.5,ASYM
175.667969,0.5,ASYM
175.667969,0.5,ASYM
175.667969,0.5,ASYM
175.667969,0.5,ASYM
175.667969,0.5,ASYM
175.667969,0.5,ASYM
175.667969,0.5,ASYM
175.667969,0.5,ASYM
175.667969,0.5,ASYM
175.667969,0.5,ASYM
175.667969,0.5,ASYM
175.667969,0.5,ASYM
175.667969,0.5,ASYM
175.667969,0.5,ASYM
175.667969,0.5,ASYM
175.667969,0.5,ASYM
175.667969,0.5,ASYM
175.667969,0.5,ASYM
175.667969,0.5,ASYM
175.667969,0.5,ASYM
175.667969,0.5,ASYM
175.667969,0.5,ASYM
175.667969,0.5,ASYM
175.667969,0.5,ASYM
175.667969,0.5,ASYM
175.667969,0.5,ASYM
175.667969,0.5,ASYM
175.667969,0.5,ASYM
175.667969,0.5,ASYM
175.667969,0.5,ASYM
177.802734,0.5,SYM
177.802734,0.5,SYM
177.802734,0.5,SYM
177.802734,0.5,SYM
177.802734,0.5,SYM
177.802734,0.5,SYM
177.802734,0.5,SYM
177.802734,0.5,SYM
177.802734,0.5,SYM
177.802734,0.5,SYM
177.802734,0.5,SYM
177.802734,0.5,SYM
177.802734,0.5,SYM
177.802734,0.5,SYM
177.802734,0.5,SYM
177.802734,0.5,SYM
177.802734,0.5,SYM
177.802734,0.5,SYM
177.802734,0.5,SYM
177.802734,0.5,SYM
177.802734,0.5,SYM
177.802734,0.5,SYM
177.802734,0.5,SYM
177.802734,0.5,SYM
177.802734,0.5,SYM
177.802734,0.5,SYM
177.802734,0.5,SYM
177.802734,0.5,SYM
177.802734,0.5,SYM
177.802734,0.5,SYM
177.802734,0.5,SYM
177.802734,0.5,SYM
177.802734,0.5,SYM
177.802734,0.5,SYM
177.802734,0.5,SYM
177.802734,0.5,SYM
177.802734,0.5,SYM
177.802734,0.5,SYM
179.904297,0.5,SYM
179.904297,0.5,SYM
179.904297,0.5,SYM
179.904297,0.5,SYM
179.904297,0.5,SYM
179.904297,0.5,SYM
179.904297,0.5,SYM
179.904297,0.5,SYM
179.904297,0.5,SYM
179.904297,0.5,SYM
179.904297,0.5,SYM
179.904297,0.5,SYM
179.904297,0.5,SYM
179.904297,0.5,SYM
179.904297,0.5,SYM
179.904297,0.5,SYM
179.904297,0.5,SYM
179.904297,0.5,SYM
179.904297,0.5,SYM
179.904297,0.5,SYM
179.904297,0.5,SYM
179.904297,0.5,SYM
179.904297,0.5,SYM
179.904297,0.5,SYM
179.904297,0.5,SYM
179.904297,0.5,SYM
179.904297,0.5,SYM
179.904297,0.5,SYM
179.904297,0.5,SYM
179.904297,0.5,SYM
179.904297,0.5,SYM
179.904297,0.5,SYM
179.904297,0.5,SYM
179.904297,0.5,SYM
179.904297,0.5,SYM
179.904297,0.5,SYM
179.904297,0.5,SYM
179.904297,0.5,SYM
182.972656,0.5,ASYM
182.972656,0.5,ASYM
182.972656,0.5,ASYM
182.972656,0.5,ASYM
182.972656,0.5,ASYM
182.972656,0.5,ASYM
182.972656,0.5,ASYM
182.972656,0.5,ASYM
182.972656,0.5,ASYM
182.972656,0.5,ASYM
182.972656,0.5,ASYM
182.972656,0.5,ASYM
182.972656,0.5,ASYM
182.972656,0.5,ASYM
182.972656,0.5,ASYM
182.972656,0.5,ASYM
182.972656,0.5,ASYM
182.972656,0.5,ASYM
182.972656,0.5,ASYM
182.972656,0.5,ASYM
182.972656,0.5,ASYM
182.972656,0.5,ASYM
182.972656,0.5,ASYM
182.972656,0.5,ASYM
182.972656,0.5,ASYM
182.972656,0.5,ASYM
182.972656,0.5,ASYM
182.972656,0.5,ASYM
182.972656,0.5,ASYM
182.972656,0.5,ASYM
182.972656,0.5,ASYM
182.972656,0.5,ASYM
182.972656,0.5,ASYM
182.972656,0.5,ASYM
182.972656,0.5,ASYM
182.972656,0.5,ASYM
182.972656,0.5,ASYM
182.972656,0.5,ASYM
185.050781,0.5,SYM
185.050781,0.5,SYM
185.050781,0.5,SYM
185.050781,0.5,SYM
185.050781,0.5,SYM
185.050781,0.5,SYM
185.050781,0.5,SYM
185.050781,0.5,SYM
185.050781,0.5,SYM
185.050781,0.5,SYM
185.050781,0.5,SYM
185.050781,0.5,SYM
185.050781,0.5,SYM
185.050781,0.5,SYM
185.050781,0.5,SYM
185.050781,0.5,SYM
185.050781,0.5,SYM
185.050781,0.5,SYM
185.050781,0.5,SYM
185.050781,0.5,SYM
185.050781,0.5,SYM
185.050781,0.5,SYM
185.050781,0.5,SYM
185.050781,0.5,SYM
185.050781,0.5,SYM
185.050781,0.5,SYM
185.050781,0.5,SYM
185.050781,0.5,SYM
185.050781,0.5,SYM
185.050781,0.5,SYM
185.050781,0.5,SYM
185.050781,0.5,SYM
185.050781,0.5,SYM
185.050781,0.5,SYM
185.050781,0.5,SYM
185.050781,0.5,SYM
185.050781,0.5,SYM
185.050781,0.5,SYM
187.341797,0.5,ASYM
187.341797,0.5,ASYM
187.341797,0.5,ASYM
187.341797,0.5,ASYM
187.341797,0.5,ASYM
187.341797,0.5,ASYM
187.341797,0.5,ASYM
187.341797,0.5,ASYM
187.341797,0.5,ASYM
187.341797,0.5,ASYM
187.341797,0.5,ASYM
187.341797,0.5,ASYM
187.341797,0.5,ASYM
187.341797,0.5,ASYM
187.341797,0.5,ASYM
187.341797,0.5,ASYM
187.341797,0.5,ASYM
187.341797,0.5,ASYM
187.341797,0.5,ASYM
187.341797,0.5,ASYM
187.341797,0.5,ASYM
187.341797,0.5,ASYM
187.341797,0.5,ASYM
187.341797,0.5,ASYM
187.341797,0.5,ASYM
187.341797,0.5,ASYM
187.341797,0.5,ASYM
187.341797,0.5,ASYM
187.341797,0.5,ASYM
187.341797,0.5,ASYM
187.341797,0.5,ASYM
187.341797,0.5,ASYM
187.341797,0.5,ASYM
187.341797,0.5,ASYM
187.341797,0.5,ASYM
187.341797,0.5,ASYM
187.341797,0.5,ASYM
187.341797,0.5,ASYM
189.564453,0.5,SYM
189.564453,0.5,SYM
189.564453,0.5,SYM
189.564453,0.5,SYM
189.564453,0.5,SYM
189.564453,0.5,SYM
189.564453,0.5,SYM
189.564453,0.5,SYM
189.564453,0.5,SYM
189.564453,0.5,SYM
189.564453,0.5,SYM
189.564453,0.5,SYM
189.564453,0.5,SYM
189.564453,0.5,SYM
189.564453,0.5,SYM
189.564453,0.5,SYM
189.564453,0.5,SYM
189.564453,0.5,SYM
189.564453,0.5,SYM
189.564453,0.5,SYM
189.564453,0.5,SYM
189.564453,0.5,SYM
189.564453,0.5,SYM
189.564453,0.5,SYM
189.564453,0.5,SYM
189.564453,0.5,SYM
189.564453,0.5,SYM
189.564453,0.5,SYM
189.564453,0.5,SYM
189.564453,0.5,SYM
189.564453,0.5,SYM
189.564453,0.5,SYM
189.564453,0.5,SYM
189.564453,0.5,SYM
189.564453,0.5,SYM
189.564453,0.5,SYM
189.564453,0.5,SYM
189.564453,0.5,SYM
191.820312,0.5,ASYM
191.820312,0.5,ASYM
191.820312,0.5,ASYM
191.820312,0.5,ASYM
191.820312,0.5,ASYM
191.820312,0.5,ASYM
191.820312,0.5,ASYM
191.820312,0.5,ASYM
191.820312,0.5,ASYM
191.820312,0.5,ASYM
191.820312,0.5,ASYM
191.820312,0.5,ASYM
191.820312,0.5,ASYM
191.820312,0.5,ASYM
191.820312,0.5,ASYM
191.820312,0.5,ASYM
191.820312,0.5,ASYM
191.820312,0.5,ASYM
191.820312,0.5,ASYM
191.820312,0.5,ASYM
191.820312,0.5,ASYM
191.820312,0.5,ASYM
191.820312,0.5,ASYM
191.820312,0.5,ASYM
191.820312,0.5,ASYM
191.820312,0.5,ASYM
191.820312,0.5,ASYM
191.820312,0.5,ASYM
191.820312,0.5,ASYM
191.820312,0.5,ASYM
191.820312,0.5,ASYM
191.820312,0.5,ASYM
191.820312,0.5,ASYM
191.820312,0.5,ASYM
191.820312,0.5,ASYM
191.820312,0.5,ASYM
191.820312,0.5,ASYM
191.820312,0.5,ASYM
193.941406,0.5,SYM
193.941406,0.5,SYM
193.941406,0.5,SYM
193.941406,0.5,SYM
193.941406,0.5,SYM
193.941406,0.5,SYM
193.941406,0.5,SYM
193.941406,0.5,SYM
193.941406,0.5,SYM
193.941406,0.5,SYM
193.941406,0.5,SYM
193.941406,0.5,SYM
193.941406,0.5,SYM
193.941406,0.5,SYM
193.941406,0.5,SYM
193.941406,0.5,SYM
193.941406,0.5,SYM
193.941406,0.5,SYM
193.941406,0.5,SYM
193.941406,0.5,SYM
193.941406,0.5,SYM
193.941406,0.5,SYM
193.941406,0.5,SYM
193.941406,0.5,SYM
193.941406,0.5,SYM
193.941406,0.5,SYM
193.941406,0.5,SYM
193.941406,0.5,SYM
193.941406,0.5,SYM
193.941406,0.5,SYM
193.941406,0.5,SYM
193.941406,0.5,SYM
193.941406,0.5,SYM
193.941406,0.5,SYM
193.941406,0.5,SYM
193.941406,0.5,SYM
193.941406,0.5,SYM
193.941406,0.5,SYM
196.052734,0.5,SYM
196.052734,0.5,SYM
196.052734,0.5,SYM
196.052734,0.5,SYM
196.052734,0.5,SYM
196.052734,0.5,SYM
196.052734,0.5,SYM
196.052734,0.5,SYM
196.052734,0.5,SYM
196.052734,0.5,SYM
196.052734,0.5,SYM
196.052734,0.5,SYM
196.052734,0.5,SYM
196.052734,0.5,SYM
196.052734,0.5,SYM
196.052734,0.5,SYM
196.052734,0.5,SYM
196.052734,0.5,SYM
196.052734,0.5,SYM
196.052734,0.5,SYM
196.052734,0.5,SYM
196.052734,0.5,SYM
196.052734,0.5,SYM
196.052734,0.5,SYM
196.052734,0.5,SYM
196.052734,0.5,SYM
196.052734,0.5,SYM
196.052734,0.5,SYM
196.052734,0.5,SYM
196.052734,0.5,SYM
196.052734,0.5,SYM
196.052734,0.5,SYM
196.052734,0.5,SYM
196.052734,0.5,SYM
196.052734,0.5,SYM
196.052734,0.5,SYM
196.052734,0.5,SYM
196.052734,0.5,SYM
198.824219,0.5,ASYM
198.824219,0.5,ASYM
198.824219,0.5,ASYM
198.824219,0.5,ASYM
198.824219,0.5,ASYM
198.824219,0.5,ASYM
198.824219,0.5,ASYM
198.824219,0.5,ASYM
198.824219,0.5,ASYM
198.824219,0.5,ASYM
198.824219,0.5,ASYM
198.824219,0.5,ASYM
198.824219,0.5,ASYM
198.824219,0.5,ASYM
198.824219,0.5,ASYM
198.824219,0.5,ASYM
198.824219,0.5,ASYM
198.824219,0.5,ASYM
198.824219,0.5,ASYM
198.824219,0.5,ASYM
198.824219,0.5,ASYM
198.824219,0.5,ASYM
198.824219,0.5,ASYM
198.824219,0.5,ASYM
198.824219,0.5,ASYM
198.824219,0.5,ASYM
198.824219,0.5,ASYM
198.824219,0.5,ASYM
198.824219,0.5,ASYM
198.824219,0.5,ASYM
198.824219,0.5,ASYM
198.824219,0.5,ASYM
198.824219,0.5,ASYM
198.824219,0.5,ASYM
198.824219,0.5,ASYM
198.824219,0.5,ASYM
198.824219,0.5,ASYM
198.824219,0.5,ASYM
200.867188,0.5,SYM
200.867188,0.5,SYM
200.867188,0.5,SYM
200.867188,0.5,SYM
200.867188,0.5,SYM
200.867188,0.5,SYM
200.867188,0.5,SYM
200.867188,0.5,SYM
200.867188,0.5,SYM
200.867188,0.5,SYM
200.867188,0.5,SYM
200.867188,0.5,SYM
200.867188,0.5,SYM
200.867188,0.5,SYM
200.867188,0.5,SYM
200.867188,0.5,SYM
200.867188,0.5,SYM
200.867188,0.5,SYM
200.867188,0.5,SYM
200.867188,0.5,SYM
200.867188,0.5,SYM
200.867188,0.5,SYM
200.867188,0.5,SYM
200.867188,0.5,SYM
200.867188,0.5,SYM
200.867188,0.5,SYM
200.867188,0.5,SYM
200.867188,0.5,SYM
200.867188,0.5,SYM
200.867188,0.5,SYM
200.867188,0.5,SYM
200.867188,0.5,SYM
200.867188,0.5,SYM
200.867188,0.5,SYM
200.867188,0.5,SYM
200.867188,0.5,SYM
200.867188,0.5,SYM
200.867188,0.5,SYM
202.933594,0.5,SYM
202.933594,0.5,SYM
202.933594,0.5,SYM
202.933594,0.5,SYM
202.933594,0.5,SYM
202.933594,0.5,SYM
202.933594,0.5,SYM
202.933594,0.5,SYM
202.933594,0.5,SYM
202.933594,0.5,SYM
202.933594,0.5,SYM
202.933594,0.5,SYM
202.933594,0.5,SYM
202.933594,0.5,SYM
202.933594,0.5,SYM
202.933594,0.5,SYM
202.933594,0.5,SYM
202.933594,0.5,SYM
202.933594,0.5,SYM
202.933594,0.5,SYM
202.933594,0.5,SYM
202.933594,0.5,SYM
202.933594,0.5,SYM
202.933594,0.5,SYM
202.933594,0.5,SYM
202.933594,0.5,SYM
202.933594,0.5,SYM
202.933594,0.5,SYM
202.933594,0.5,SYM
202.933594,0.5,SYM
202.933594,0.5,SYM
202.933594,0.5,SYM
202.933594,0.5,SYM
202.933594,0.5,SYM
202.933594,0.5,SYM
202.933594,0.5,SYM
202.933594,0.5,SYM
202.933594,0.5,SYM
205.066406,0.5,ASYM
205.066406,0.5,ASYM
205.066406,0.5,ASYM
205.066406,0.5,ASYM
205.066406,0.5,ASYM
205.066406,0.5,ASYM
205.066406,0.5,ASYM
205.066406,0.5,ASYM
205.066406,0.5,ASYM
205.066406,0.5,ASYM
205.066406,0.5,ASYM
205.066406,0.5,ASYM
205.066406,0.5,ASYM
205.066406,0.5,ASYM
205.066406,0.5,ASYM
205.066406,0.5,ASYM
205.066406,0.5,ASYM
205.066406,0.5,ASYM
205.066406,0.5,ASYM
205.066406,0.5,ASYM
205.066406,0.5,ASYM
205.066406,0.5,ASYM
205.066406,0.5,ASYM
205.066406,0.5,ASYM
205.066406,0.5,ASYM
205.066406,0.5,ASYM
205.066406,0.5,ASYM
205.066406,0.5,ASYM
205.066406,0.5,ASYM
205.066406,0.5,ASYM
205.066406,0.5,ASYM
205.066406,0.5,ASYM
205.066406,0.5,ASYM
205.066406,0.5,ASYM
205.066406,0.5,ASYM
205.066406,0.5,ASYM
205.066406,0.5,ASYM
205.066406,0.5,ASYM
207.267578,0.5,SYM
207.267578,0.5,SYM
207.267578,0.5,SYM
207.267578,0.5,SYM
207.267578,0.5,SYM
207.267578,0.5,SYM
207.267578,0.5,SYM
207.267578,0.5,SYM
207.267578,0.5,SYM
207.267578,0.5,SYM
207.267578,0.5,SYM
207.267578,0.5,SYM
207.267578,0.5,SYM
207.267578,0.5,SYM
207.267578,0.5,SYM
207.267578,0.5,SYM
207.267578,0.5,SYM
207.267578,0.5,SYM
207.267578,0.5,SYM
207.267578,0.5,SYM
207.267578,0.5,SYM
207.267578,0.5,SYM
207.267578,0.5,SYM
207.267578,0.5,SYM
207.267578,0.5,SYM
207.267578,0.5,SYM
207.267578,0.5,SYM
207.267578,0.5,SYM
207.267578,0.5,SYM
207.267578,0.5,SYM
207.267578,0.5,SYM
207.267578,0.5,SYM
207.267578,0.5,SYM
207.267578,0.5,SYM
207.267578,0.5,SYM
207.267578,0.5,SYM
207.267578,0.5,SYM
207.267578,0.5,SYM
209.544922,0.5,SYM
209.544922,0.5,SYM
209.544922,0.5,SYM
209.544922,0.5,SYM
209.544922,0.5,SYM
209.544922,0.5,SYM
209.544922,0.5,SYM
209.544922,0.5,SYM
209.544922,0.5,SYM
209.544922,0.5,SYM
209.544922,0.5,SYM
209.544922,0.5,SYM
209.544922,0.5,SYM
209.544922,0.5,SYM
209.544922,0.5,SYM
209.544922,0.5,SYM
209.544922,0.5,SYM
209.544922,0.5,SYM
209.544922,0.5,SYM
209.544922,0.5,SYM
209.544922,0.5,SYM
209.544922,0.5,SYM
209.544922,0.5,SYM
209.544922,0.5,SYM
209.544922,0.5,SYM
209.544922,0.5,SYM
209.544922,0.5,SYM
209.544922,0.5,SYM
209.544922,0.5,SYM
209.544922,0.5,SYM
209.544922,0.5,SYM
209.544922,0.5,SYM
209.544922,0.5,SYM
209.544922,0.5,SYM
209.544922,0.5,SYM
209.544922,0.5,SYM
209.544922,0.5,SYM
209.544922,0.5,SYM
211.84375,0.5,SYM
211.84375,0.5,SYM
211.84375,0.5,SYM
211.84375,0.5,SYM
211.84375,0.5,SYM
211.84375,0.5,SYM
211.84375,0.5,SYM
211.84375,0.5,SYM
211.84375,0.5,SYM
211.84375,0.5,SYM
211.84375,0.5,SYM
211.84375,0.5,SYM
211.84375,0.5,SYM
211.84375,0.5,SYM
211.84375,0.5,SYM
211.84375,0.5,SYM
211.84375,0.5,SYM
211.84375,0.5,SYM
211.84375,0.5,SYM
211.84375,0.5,SYM
211.84375,0.5,SYM
211.84375,0.5,SYM
211.84375,0.5,SYM
211.84375,0.5,SYM
211.84375,0.5,SYM
211.84375,0.5,SYM
211.84375,0.5,SYM
211.84375,0.5,SYM
211.84375,0.5,SYM
211.84375,0.5,SYM
211.84375,0.5,SYM
211.84375,0.5,SYM
211.84375,0.5,SYM
211.84375,0.5,SYM
211.84375,0.5,SYM
211.84375,0.5,SYM
211.84375,0.5,SYM
211.84375,0.5,SYM
214.125,0.5,SYM
214.125,0.5,SYM
214.125,0.5,SYM
214.125,0.5,SYM
214.125,0.5,SYM
214.125,0.5,SYM
214.125,0.5,SYM
214.125,0.5,SYM
214.125,0.5,SYM
214.125,0.5,SYM
214.125,0.5,SYM
214.125,0.5,SYM
214.125,0.5,SYM
214.125,0.5,SYM
214.125,0.5,SYM
214.125,0.5,SYM
214.125,0.5,SYM
214.125,0.5,SYM
214.125,0.5,SYM
214.125,0.5,SYM
214.125,0.5,SYM
214.125,0.5,SYM
214.125,0.5,SYM
214.125,0.5,SYM
214.125,0.5,SYM
214.125,0.5,SYM
214.125,0.5,SYM
214.125,0.5,SYM
214.125,0.5,SYM
214.125,0.5,SYM
214.125,0.5,SYM
214.125,0.5,SYM
214.125,0.5,SYM
214.125,0.5,SYM
214.125,0.5,SYM
214.125,0.5,SYM
214.125,0.5,SYM
214.125,0.5,SYM
216.236328,0.5,SYM
216.236328,0.5,SYM
216.236328,0.5,SYM
216.236328,0.5,SYM
216.236328,0.5,SYM
216.236328,0.5,SYM
216.236328,0.5,SYM
216.236328,0.5,SYM
216.236328,0.5,SYM
216.236328,0.5,SYM
216.236328,0.5,SYM
216.236328,0.5,SYM
216.236328,0.5,SYM
216.236328,0.5,SYM
216.236328,0.5,SYM
216.236328,0.5,SYM
216.236328,0.5,SYM
216.236328,0.5,SYM
216.236328,0.5,SYM
216.236328,0.5,SYM
216.236328,0.5,SYM
216.236328,0.5,SYM
216.236328,0.5,SYM
216.236328,0.5,SYM
216.236328,0.5,SYM
216.236328,0.5,SYM
216.236328,0.5,SYM
216.236328,0.5,SYM
216.236328,0.5,SYM
216.236328,0.5,SYM
216.236328,0.5,SYM
216.236328,0.5,SYM
216.236328,0.5,SYM
216.236328,0.5,SYM
216.236328,0.5,SYM
216.236328,0.5,SYM
216.236328,0.5,SYM
216.236328,0.5,SYM
218.28125,0.5,ASYM
218.28125,0.5,ASYM
218.28125,0.5,ASYM
218.28125,0.5,ASYM
218.28125,0.5,ASYM
218.28125,0.5,ASYM
218.28125,0.5,ASYM
218.28125,0.5,ASYM
218.28125,0.5,ASYM
218.28125,0.5,ASYM
218.28125,0.5,ASYM
218.28125,0.5,ASYM
218.28125,0.5,ASYM
218.28125,0.5,ASYM
218.28125,0.5,ASYM
218.28125,0.5,ASYM
218.28125,0.5,ASYM
218.28125,0.5,ASYM
218.28125,0.5,ASYM
218.28125,0.5,ASYM
218.28125,0.5,ASYM
218.28125,0.5,ASYM
218.28125,0.5,ASYM
218.28125,0.5,ASYM
218.28125,0.5,ASYM
218.28125,0.5,ASYM
218.28125,0.5,ASYM
218.28125,0.5,ASYM
218.28125,0.5,ASYM
218.28125,0.5,ASYM
218.28125,0.5,ASYM
218.28125,0.5,ASYM
218.28125,0.5,ASYM
218.28125,0.5,ASYM
218.28125,0.5,ASYM
218.28125,0.5,ASYM
218.28125,0.5,ASYM
218.28125,0.5,ASYM
220.425781,0.5,SYM
220.425781,0.5,SYM
220.425781,0.5,SYM
220.425781,0.5,SYM
220.425781,0.5,SYM
220.425781,0.5,SYM
220.425781,0.5,SYM
220.425781,0.5,SYM
220.425781,0.5,SYM
220.425781,0.5,SYM
220.425781,0.5,SYM
220.425781,0.5,SYM
220.425781,0.5,SYM
220.425781,0.5,SYM
220.425781,0.5,SYM
220.425781,0.5,SYM
220.425781,0.5,SYM
220.425781,0.5,SYM
220.425781,0.5,SYM
220.425781,0.5,SYM
220.425781,0.5,SYM
220.425781,0.5,SYM
220.425781,0.5,SYM
220.425781,0.5,SYM
220.425781,0.5,SYM
220.425781,0.5,SYM
220.425781,0.5,SYM
220.425781,0.5,SYM
220.425781,0.5,SYM
220.425781,0.5,SYM
220.425781,0.5,SYM
220.425781,0.5,SYM
220.425781,0.5,SYM
220.425781,0.5,SYM
220.425781,0.5,SYM
220.425781,0.5,SYM
220.425781,0.5,SYM
220.425781,0.5,SYM
223.642578,0.5,SYM
223.642578,0.5,SYM
223.642578,0.5,SYM
223.642578,0.5,SYM
223.642578,0.5,SYM
223.642578,0.5,SYM
223.642578,0.5,SYM
223.642578,0.5,SYM
223.642578,0.5,SYM
223.642578,0.5,SYM
223.642578,0.5,SYM
223.642578,0.5,SYM
223.642578,0.5,SYM
223.642578,0.5,SYM
223.642578,0.5,SYM
223.642578,0.5,SYM
223.642578,0.5,SYM
223.642578,0.5,SYM
223.642578,0.5,SYM
223.642578,0.5,SYM
223.642578,0.5,SYM
223.642578,0.5,SYM
223.642578,0.5,SYM
223.642578,0.5,SYM
223.642578,0.5,SYM
223.642578,0.5,SYM
223.642578,0.5,SYM
223.642578,0.5,SYM
223.642578,0.5,SYM
223.642578,0.5,SYM
223.642578,0.5,SYM
223.642578,0.5,SYM
223.642578,0.5,SYM
223.642578,0.5,SYM
223.642578,0.5,SYM
223.642578,0.5,SYM
223.642578,0.5,SYM
223.642578,0.5,SYM
225.685547,0.5,ASYM
225.685547,0.5,ASYM
225.685547,0.5,ASYM
225.685547,0.5,ASYM
225.685547,0.5,ASYM
225.685547,0.5,ASYM
225.685547,0.5,ASYM
225.685547,0.5,ASYM
225.685547,0.5,ASYM
225.685547,0.5,ASYM
225.685547,0.5,ASYM
225.685547,0.5,ASYM
225.685547,0.5,ASYM
225.685547,0.5,ASYM
225.685547,0.5,ASYM
225.685547,0.5,ASYM
225.685547,0.5,ASYM
225.685547,0.5,ASYM
225.685547,0.5,ASYM
225.685547,0.5,ASYM
225.685547,0.5,ASYM
225.685547,0.5,ASYM
225.685547,0.5,ASYM
225.685547,0.5,ASYM
225.685547,0.5,ASYM
225.685547,0.5,ASYM
225.685547,0.5,ASYM
225.685547,0.5,ASYM
225.685547,0.5,ASYM
225.685547,0.5,ASYM
225.685547,0.5,ASYM
225.685547,0.5,ASYM
225.685547,0.5,ASYM
225.685547,0.5,ASYM
225.685547,0.5,ASYM
225.685547,0.5,ASYM
225.685547,0.5,ASYM
225.685547,0.5,ASYM
227.796875,0.5,SYM
227.796875,0.5,SYM
227.796875,0.5,SYM
227.796875,0.5,SYM
227.796875,0.5,SYM
227.796875,0.5,SYM
227.796875,0.5,SYM
227.796875,0.5,SYM
227.796875,0.5,SYM
227.796875,0.5,SYM
227.796875,0.5,SYM
227.796875,0.5,SYM
227.796875,0.5,SYM
227.796875,0.5,SYM
227.796875,0.5,SYM
227.796875,0.5,SYM
227.796875,0.5,SYM
227.796875,0.5,SYM
227.796875,0.5,SYM
227.796875,0.5,SYM
227.796875,0.5,SYM
227.796875,0.5,SYM
227.796875,0.5,SYM
227.796875,0.5,SYM
227.796875,0.5,SYM
227.796875,0.5,SYM
227.796875,0.5,SYM
227.796875,0.5,SYM
227.796875,0.5,SYM
227.796875,0.5,SYM
227.796875,0.5,SYM
227.796875,0.5,SYM
227.796875,0.5,SYM
227.796875,0.5,SYM
227.796875,0.5,SYM
227.796875,0.5,SYM
227.796875,0.5,SYM
227.796875,0.5,SYM
229.929688,0.5,SYM
229.929688,0.5,SYM
229.929688,0.5,SYM
229.929688,0.5,SYM
229.929688,0.5,SYM
229.929688,0.5,SYM
229.929688,0.5,SYM
229.929688,0.5,SYM
229.929688,0.5,SYM
229.929688,0.5,SYM
229.929688,0.5,SYM
229.929688,0.5,SYM
229.929688,0.5,SYM
229.929688,0.5,SYM
229.929688,0.5,SYM
229.929688,0.5,SYM
229.929688,0.5,SYM
229.929688,0.5,SYM
229.929688,0.5,SYM
229.929688,0.5,SYM
229.929688,0.5,SYM
229.929688,0.5,SYM
229.929688,0.5,SYM
229.929688,0.5,SYM
229.929688,0.5,SYM
229.929688,0.5,SYM
229.929688,0.5,SYM
229.929688,0.5,SYM
229.929688,0.5,SYM
229.929688,0.5,SYM
229.929688,0.5,SYM
229.929688,0.5,SYM
229.929688,0.5,SYM
229.929688,0.5,SYM
229.929688,0.5,SYM
229.929688,0.5,SYM
229.929688,0.5,SYM
229.929688,0.5,SYM
232.230469,0.5,ASYM
232.230469,0.5,ASYM
232.230469,0.5,ASYM
232.230469,0.5,ASYM
232.230469,0.5,ASYM
232.230469,0.5,ASYM
232.230469,0.5,ASYM
232.230469,0.5,ASYM
232.230469,0.5,ASYM
232.230469,0.5,ASYM
232.230469,0.5,ASYM
232.230469,0.5,ASYM
232.230469,0.5,ASYM
232.230469,0.5,ASYM
232.230469,0.5,ASYM
232.230469,0.5,ASYM
232.230469,0.5,ASYM
232.230469,0.5,ASYM
232.230469,0.5,ASYM
232.230469,0.5,ASYM
232.230469,0.5,ASYM
232.230469,0.5,ASYM
232.230469,0.5,ASYM
232.230469,0.5,ASYM
232.230469,0.5,ASYM
232.230469,0.5,ASYM
232.230469,0.5,ASYM
232.230469,0.5,ASYM
232.230469,0.5,ASYM
232.230469,0.5,ASYM
232.230469,0.5,ASYM
232.230469,0.5,ASYM
232.230469,0.5,ASYM
232.230469,0.5,ASYM
232.230469,0.5,ASYM
232.230469,0.5,ASYM
232.230469,0.5,ASYM
232.230469,0.5,ASYM
234.677734,0.5,ASYM
234.677734,0.5,ASYM
234.677734,0.5,ASYM
234.677734,0.5,ASYM
234.677734,0.5,ASYM
234.677734,0.5,ASYM
234.677734,0.5,ASYM
234.677734,0.5,ASYM
234.677734,0.5,ASYM
234.677734,0.5,ASYM
234.677734,0.5,ASYM
234.677734,0.5,ASYM
234.677734,0.5,ASYM
234.677734,0.5,ASYM
234.677734,0.5,ASYM
234.677734,0.5,ASYM
234.677734,0.5,ASYM
234.677734,0.5,ASYM
234.677734,0.5,ASYM
234.677734,0.5,ASYM
234.677734,0.5,ASYM
234.677734,0.5,ASYM
234.677734,0.5,ASYM
234.677734,0.5,ASYM
234.677734,0.5,ASYM
234.677734,0.5,ASYM
234.677734,0.5,ASYM
234.677734,0.5,ASYM
234.677734,0.5,ASYM
234.677734,0.5,ASYM
234.677734,0.5,ASYM
234.677734,0.5,ASYM
234.677734,0.5,ASYM
234.677734,0.5,ASYM
234.677734,0.5,ASYM
234.677734,0.5,ASYM
234.677734,0.5,ASYM
234.677734,0.5,ASYM
237.123047,0.5,ASYM
237.123047,0.5,ASYM
237.123047,0.5,ASYM
237.123047,0.5,ASYM
237.123047,0.5,ASYM
237.123047,0.5,ASYM
237.123047,0.5,ASYM
237.123047,0.5,ASYM
237.123047,0.5,ASYM
237.123047,0.5,ASYM
237.123047,0.5,ASYM
237.123047,0.5,ASYM
237.123047,0.5,ASYM
237.123047,0.5,ASYM
237.123047,0.5,ASYM
237.123047,0.5,ASYM
237.123047,0.5,ASYM
237.123047,0.5,ASYM
237.123047,0.5,ASYM
237.123047,0.5,ASYM
237.123047,0.5,ASYM
237.123047,0.5,ASYM
237.123047,0.5,ASYM
237.123047,0.5,ASYM
237.123047,0.5,ASYM
237.123047,0.5,ASYM
237.123047,0.5,ASYM
237.123047,0.5,ASYM
237.123047,0.5,ASYM
237.123047,0.5,ASYM
237.123047,0.5,ASYM
237.123047,0.5,ASYM
237.123047,0.5,ASYM
237.123047,0.5,ASYM
237.123047,0.5,ASYM
237.123047,0.5,ASYM
237.123047,0.5,ASYM
237.123047,0.5,ASYM
239.490234,0.5,SYM
239.490234,0.5,SYM
239.490234,0.5,SYM
239.490234,0.5,SYM
239.490234,0.5,SYM
239.490234,0.5,SYM
239.490234,0.5,SYM
239.490234,0.5,SYM
239.490234,0.5,SYM
239.490234,0.5,SYM
239.490234,0.5,SYM
239.490234,0.5,SYM
239.490234,0.5,SYM
239.490234,0.5,SYM
239.490234,0.5,SYM
239.490234,0.5,SYM
239.490234,0.5,SYM
239.490234,0.5,SYM
239.490234,0.5,SYM
239.490234,0.5,SYM
239.490234,0.5,SYM
239.490234,0.5,SYM
239.490234,0.5,SYM
239.490234,0.5,SYM
239.490234,0.5,SYM
239.490234,0.5,SYM
239.490234,0.5,SYM
239.490234,0.5,SYM
239.490234,0.5,SYM
239.490234,0.5,SYM
239.490234,0.5,SYM
239.490234,0.5,SYM
239.490234,0.5,SYM
239.490234,0.5,SYM
239.490234,0.5,SYM
239.490234,0.5,SYM
239.490234,0.5,SYM
239.490234,0.5,SYM
241.658203,0.5,ASYM
241.658203,0.5,ASYM
241.658203,0.5,ASYM
241.658203,0.5,ASYM
241.658203,0.5,ASYM
241.658203,0.5,ASYM
241.658203,0.5,ASYM
241.658203,0.5,ASYM
241.658203,0.5,ASYM
241.658203,0.5,ASYM
241.658203,0.5,ASYM
241.658203,0.5,ASYM
241.658203,0.5,ASYM
241.658203,0.5,ASYM
241.658203,0.5,ASYM
241.658203,0.5,ASYM
241.658203,0.5,ASYM
241.658203,0.5,ASYM
241.658203,0.5,ASYM
241.658203,0.5,ASYM
241.658203,0.5,ASYM
241.658203,0.5,ASYM
241.658203,0.5,ASYM
241.658203,0.5,ASYM
241.658203,0.5,ASYM
241.658203,0.5,ASYM
241.658203,0.5,ASYM
241.658203,0.5,ASYM
241.658203,0.5,ASYM
241.658203,0.5,ASYM
241.658203,0.5,ASYM
241.658203,0.5,ASYM
241.658203,0.5,ASYM
241.658203,0.5,ASYM
241.658203,0.5,ASYM
241.658203,0.5,ASYM
241.658203,0.5,ASYM
241.658203,0.5,ASYM
243.736328,0.5,SYM
243.736328,0.5,SYM
243.736328,0.5,SYM
243.736328,0.5,SYM
243.736328,0.5,SYM
243.736328,0.5,SYM
243.736328,0.5,SYM
243.736328,0.5,SYM
243.736328,0.5,SYM
243.736328,0.5,SYM
243.736328,0.5,SYM
243.736328,0.5,SYM
243.736328,0.5,SYM
243.736328,0.5,SYM
243.736328,0.5,SYM
243.736328,0.5,SYM
243.736328,0.5,SYM
243.736328,0.5,SYM
243.736328,0.5,SYM
243.736328,0.5,SYM
243.736328,0.5,SYM
243.736328,0.5,SYM
243.736328,0.5,SYM
243.736328,0.5,SYM
243.736328,0.5,SYM
243.736328,0.5,SYM
243.736328,0.5,SYM
243.736328,0.5,SYM
243.736328,0.5,SYM
243.736328,0.5,SYM
243.736328,0.5,SYM
243.736328,0.5,SYM
243.736328,0.5,SYM
243.736328,0.5,SYM
243.736328,0.5,SYM
243.736328,0.5,SYM
243.736328,0.5,SYM
243.736328,0.5,SYM
245.890625,0.5,SYM
245.890625,0.5,SYM
245.890625,0.5,SYM
245.890625,0.5,SYM
245.890625,0.5,SYM
245.890625,0.5,SYM
245.890625,0.5,SYM
245.890625,0.5,SYM
245.890625,0.5,SYM
245.890625,0.5,SYM
245.890625,0.5,SYM
245.890625,0.5,SYM
245.890625,0.5,SYM
245.890625,0.5,SYM
245.890625,0.5,SYM
245.890625,0.5,SYM
245.890625,0.5,SYM
245.890625,0.5,SYM
245.890625,0.5,SYM
245.890625,0.5,SYM
245.890625,0.5,SYM
245.890625,0.5,SYM
245.890625,0.5,SYM
245.890625,0.5,SYM
245.890625,0.5,SYM
245.890625,0.5,SYM
245.890625,0.5,SYM
245.890625,0.5,SYM
245.890625,0.5,SYM
245.890625,0.5,SYM
245.890625,0.5,SYM
245.890625,0.5,SYM
245.890625,0.5,SYM
245.890625,0.5,SYM
245.890625,0.5,SYM
245.890625,0.5,SYM
245.890625,0.5,SYM
245.890625,0.5,SYM
248.037109,0.5,SYM
248.037109,0.5,SYM
248.037109,0.5,SYM
248.037109,0.5,SYM
248.037109,0.5,SYM
248.037109,0.5,SYM
248.037109,0.5,SYM
248.037109,0.5,SYM
248.037109,0.5,SYM
248.037109,0.5,SYM
248.037109,0.5,SYM
248.037109,0.5,SYM
248.037109,0.5,SYM
248.037109,0.5,SYM
248.037109,0.5,SYM
248.037109,0.5,SYM
248.037109,0.5,SYM
248.037109,0.5,SYM
248.037109,0.5,SYM
248.037109,0.5,SYM
248.037109,0.5,SYM
248.037109,0.5,SYM
248.037109,0.5,SYM
248.037109,0.5,SYM
248.037109,0.5,SYM
248.037109,0.5,SYM
248.037109,0.5,SYM
248.037109,0.5,SYM
248.037109,0.5,SYM
248.037109,0.5,SYM
248.037109,0.5,SYM
248.037109,0.5,SYM
248.037109,0.5,SYM
248.037109,0.5,SYM
248.037109,0.5,SYM
248.037109,0.5,SYM
248.037109,0.5,SYM
248.037109,0.5,SYM
250.203125,0.5,ASYM
250.203125,0.5,ASYM
250.203125,0.5,ASYM
250.203125,0.5,ASYM
250.203125,0.5,ASYM
250.203125,0.5,ASYM
250.203125,0.5,ASYM
250.203125,0.5,ASYM
250.203125,0.5,ASYM
250.203125,0.5,ASYM
250.203125,0.5,ASYM
250.203125,0.5,ASYM
250.203125,0.5,ASYM
250.203125,0.5,ASYM
250.203125,0.5,ASYM
250.203125,0.5,ASYM
250.203125,0.5,ASYM
250.203125,0.5,ASYM
250.203125,0.5,ASYM
250.203125,0.5,ASYM
250.203125,0.5,ASYM
250.203125,0.5,ASYM
250.203125,0.5,ASYM
250.203125,0.5,ASYM
250.203125,0.5,ASYM
250.203125,0.5,ASYM
250.203125,0.5,ASYM
250.203125,0.5,ASYM
250.203125,0.5,ASYM
250.203125,0.5,ASYM
250.203125,0.5,ASYM
250.203125,0.5,ASYM
250.203125,0.5,ASYM
250.203125,0.5,ASYM
250.203125,0.5,ASYM
250.203125,0.5,ASYM
250.203125,0.5,ASYM
250.203125,0.5,ASYM
252.28125,0.5,ASYM
252.28125,0.5,ASYM
252.28125,0.5,ASYM
252.28125,0.5,ASYM
252.28125,0.5,ASYM
252.28125,0.5,ASYM
252.28125,0.5,ASYM
252.28125,0.5,ASYM
252.28125,0.5,ASYM
252.28125,0.5,ASYM
252.28125,0.5,ASYM
252.28125,0.5,ASYM
252.28125,0.5,ASYM
252.28125,0.5,ASYM
252.28125,0.5,ASYM
252.28125,0.5,ASYM
252.28125,0.5,ASYM
252.28125,0.5,ASYM
252.28125,0.5,ASYM
252.28125,0.5,ASYM
252.28125,0.5,ASYM
252.28125,0.5,ASYM
252.28125,0.5,ASYM
252.28125,0.5,ASYM
252.28125,0.5,ASYM
252.28125,0.5,ASYM
252.28125,0.5,ASYM
252.28125,0.5,ASYM
252.28125,0.5,ASYM
252.28125,0.5,ASYM
252.28125,0.5,ASYM
252.28125,0.5,ASYM
252.28125,0.5,ASYM
252.28125,0.5,ASYM
252.28125,0.5,ASYM
252.28125,0.5,ASYM
252.28125,0.5,ASYM
252.28125,0.5,ASYM
254.648438,0.5,ASYM
254.648438,0.5,ASYM
254.648438,0.5,ASYM
254.648438,0.5,ASYM
254.648438,0.5,ASYM
254.648438,0.5,ASYM
254.648438,0.5,ASYM
254.648438,0.5,ASYM
254.648438,0.5,ASYM
254.648438,0.5,ASYM
254.648438,0.5,ASYM
254.648438,0.5,ASYM
254.648438,0.5,ASYM
254.648438,0.5,ASYM
254.648438,0.5,ASYM
254.648438,0.5,ASYM
254.648438,0.5,ASYM
254.648438,0.5,ASYM
254.648438,0.5,ASYM
254.648438,0.5,ASYM
254.648438,0.5,ASYM
254.648438,0.5,ASYM
254.648438,0.5,ASYM
254.648438,0.5,ASYM
254.648438,0.5,ASYM
254.648438,0.5,ASYM
254.648438,0.5,ASYM
254.648438,0.5,ASYM
254.648438,0.5,ASYM
254.648438,0.5,ASYM
254.648438,0.5,ASYM
254.648438,0.5,ASYM
254.648438,0.5,ASYM
254.648438,0.5,ASYM
254.648438,0.5,ASYM
254.648438,0.5,ASYM
254.648438,0.5,ASYM
254.648438,0.5,ASYM
256.714844,0.5,SYM
256.714844,0.5,SYM
256.714844,0.5,SYM
256.714844,0.5,SYM
256.714844,0.5,SYM
256.714844,0.5,SYM
256.714844,0.5,SYM
256.714844,0.5,SYM
256.714844,0.5,SYM
256.714844,0.5,SYM
256.714844,0.5,SYM
256.714844,0.5,SYM
256.714844,0.5,SYM
256.714844,0.5,SYM
256.714844,0.5,SYM
256.714844,0.5,SYM
256.714844,0.5,SYM
256.714844,0.5,SYM
256.714844,0.5,SYM
256.714844,0.5,SYM
256.714844,0.5,SYM
256.714844,0.5,SYM
256.714844,0.5,SYM
256.714844,0.5,SYM
256.714844,0.5,SYM
256.714844,0.5,SYM
256.714844,0.5,SYM
256.714844,0.5,SYM
256.714844,0.5,SYM
256.714844,0.5,SYM
256.714844,0.5,SYM
256.714844,0.5,SYM
256.714844,0.5,SYM
256.714844,0.5,SYM
256.714844,0.5,SYM
256.714844,0.5,SYM
256.714844,0.5,SYM
256.714844,0.5,SYM
258.769531,0.5,SYM
258.769531,0.5,SYM
258.769531,0.5,SYM
258.769531,0.5,SYM
258.769531,0.5,SYM
258.769531,0.5,SYM
258.769531,0.5,SYM
258.769531,0.5,SYM
258.769531,0.5,SYM
258.769531,0.5,SYM
258.769531,0.5,SYM
258.769531,0.5,SYM
258.769531,0.5,SYM
258.769531,0.5,SYM
258.769531,0.5,SYM
258.769531,0.5,SYM
258.769531,0.5,SYM
258.769531,0.5,SYM
258.769531,0.5,SYM
258.769531,0.5,SYM
258.769531,0.5,SYM
258.769531,0.5,SYM
258.769531,0.5,SYM
258.769531,0.5,SYM
258.769531,0.5,SYM
258.769531,0.5,SYM
258.769531,0.5,SYM
258.769531,0.5,SYM
258.769531,0.5,SYM
258.769531,0.5,SYM
258.769531,0.5,SYM
258.769531,0.5,SYM
258.769531,0.5,SYM
258.769531,0.5,SYM
258.769531,0.5,SYM
258.769531,0.5,SYM
258.769531,0.5,SYM
258.769531,0.5,SYM
260.9375,0.5,SYM
260.9375,0.5,SYM
260.9375,0.5,SYM
260.9375,0.5,SYM
260.9375,0.5,SYM
260.9375,0.5,SYM
260.9375,0.5,SYM
260.9375,0.5,SYM
260.9375,0.5,SYM
260.9375,0.5,SYM
260.9375,0.5,SYM
260.9375,0.5,SYM
260.9375,0.5,SYM
260.9375,0.5,SYM
260.9375,0.5,SYM
260.9375,0.5,SYM
260.9375,0.5,SYM
260.9375,0.5,SYM
260.9375,0.5,SYM
260.9375,0.5,SYM
260.9375,0.5,SYM
260.9375,0.5,SYM
260.9375,0.5,SYM
260.9375,0.5,SYM
260.9375,0.5,SYM
260.9375,0.5,SYM
260.9375,0.5,SYM
260.9375,0.5,SYM
260.9375,0.5,SYM
260.9375,0.5,SYM
260.9375,0.5,SYM
260.9375,0.5,SYM
260.9375,0.5,SYM
260.9375,0.5,SYM
260.9375,0.5,SYM
260.9375,0.5,SYM
260.9375,0.5,SYM
260.9375,0.5,SYM
263.082031,0.5,ASYM
263.082031,0.5,ASYM
263.082031,0.5,ASYM
263.082031,0.5,ASYM
263.082031,0.5,ASYM
263.082031,0.5,ASYM
263.082031,0.5,ASYM
263.082031,0.5,ASYM
263.082031,0.5,ASYM
263.082031,0.5,ASYM
263.082031,0.5,ASYM
263.082031,0.5,ASYM
263.082031,0.5,ASYM
263.082031,0.5,ASYM
263.082031,0.5,ASYM
263.082031,0.5,ASYM
263.082031,0.5,ASYM
263.082031,0.5,ASYM
263.082031,0.5,ASYM
263.082031,0.5,ASYM
263.082031,0.5,ASYM
263.082031,0.5,ASYM
263.082031,0.5,ASYM
263.082031,0.5,ASYM
263.082031,0.5,ASYM
263.082031,0.5,ASYM
263.082031,0.5,ASYM
263.082031,0.5,ASYM
263.082031,0.5,ASYM
263.082031,0.5,ASYM
263.082031,0.5,ASYM
263.082031,0.5,ASYM
263.082031,0.5,ASYM
263.082031,0.5,ASYM
263.082031,0.5,ASYM
263.082031,0.5,ASYM
263.082031,0.5,ASYM
263.082031,0.5,ASYM
266.677734,0.5,ASYM
266.677734,0.5,ASYM
266.677734,0.5,ASYM
266.677734,0.5,ASYM
266.677734,0.5,ASYM
266.677734,0.5,ASYM
266.677734,0.5,ASYM
266.677734,0.5,ASYM
266.677734,0.5,ASYM
266.677734,0.5,ASYM
266.677734,0.5,ASYM
266.677734,0.5,ASYM
266.677734,0.5,ASYM
266.677734,0.5,ASYM
266.677734,0.5,ASYM
266.677734,0.5,ASYM
266.677734,0.5,ASYM
266.677734,0.5,ASYM
266.677734,0.5,ASYM
266.677734,0.5,ASYM
266.677734,0.5,ASYM
266.677734,0.5,ASYM
266.677734,0.5,ASYM
266.677734,0.5,ASYM
266.677734,0.5,ASYM
266.677734,0.5,ASYM
266.677734,0.5,ASYM
266.677734,0.5,ASYM
266.677734,0.5,ASYM
266.677734,0.5,ASYM
266.677734,0.5,ASYM
266.677734,0.5,ASYM
266.677734,0.5,ASYM
266.677734,0.5,ASYM
266.677734,0.5,ASYM
266.677734,0.5,ASYM
266.677734,0.5,ASYM
266.677734,0.5,ASYM
268.978516,0.5,ASYM
268.978516,0.5,ASYM
268.978516,0.5,ASYM
268.978516,0.5,ASYM
268.978516,0.5,ASYM
268.978516,0.5,ASYM
268.978516,0.5,ASYM
268.978516,0.5,ASYM
268.978516,0.5,ASYM
268.978516,0.5,ASYM
268.978516,0.5,ASYM
268.978516,0.5,ASYM
268.978516,0.5,ASYM
268.978516,0.5,ASYM
268.978516,0.5,ASYM
268.978516,0.5,ASYM
268.978516,0.5,ASYM
268.978516,0.5,ASYM
268.978516,0.5,ASYM
268.978516,0.5,ASYM
268.978516,0.5,ASYM
268.978516,0.5,ASYM
268.978516,0.5,ASYM
268.978516,0.5,ASYM
268.978516,0.5,ASYM
268.978516,0.5,ASYM
268.978516,0.5,ASYM
268.978516,0.5,ASYM
268.978516,0.5,ASYM
268.978516,0.5,ASYM
268.978516,0.5,ASYM
268.978516,0.5,ASYM
268.978516,0.5,ASYM
268.978516,0.5,ASYM
268.978516,0.5,ASYM
268.978516,0.5,ASYM
268.978516,0.5,ASYM
268.978516,0.5,ASYM
271.402344,0.5,ASYM
271.402344,0.5,ASYM
271.402344,0.5,ASYM
271.402344,0.5,ASYM
271.402344,0.5,ASYM
271.402344,0.5,ASYM
271.402344,0.5,ASYM
271.402344,0.5,ASYM
271.402344,0.5,ASYM
271.402344,0.5,ASYM
271.402344,0.5,ASYM
271.402344,0.5,ASYM
271.402344,0.5,ASYM
271.402344,0.5,ASYM
271.402344,0.5,ASYM
271.402344,0.5,ASYM
271.402344,0.5,ASYM
271.402344,0.5,ASYM
271.402344,0.5,ASYM
271.402344,0.5,ASYM
271.402344,0.5,ASYM
271.402344,0.5,ASYM
271.402344,0.5,ASYM
271.402344,0.5,ASYM
271.402344,0.5,ASYM
271.402344,0.5,ASYM
271.402344,0.5,ASYM
271.402344,0.5,ASYM
271.402344,0.5,ASYM
271.402344,0.5,ASYM
271.402344,0.5,ASYM
271.402344,0.5,ASYM
271.402344,0.5,ASYM
271.402344,0.5,ASYM
271.402344,0.5,ASYM
271.402344,0.5,ASYM
271.402344,0.5,ASYM
271.402344,0.5,ASYM
273.78125,0.5,SYM
273.78125,0.5,SYM
273.78125,0.5,SYM
273.78125,0.5,SYM
273.78125,0.5,SYM
273.78125,0.5,SYM
273.78125,0.5,SYM
273.78125,0.5,SYM
273.78125,0.5,SYM
273.78125,0.5,SYM
273.78125,0.5,SYM
273.78125,0.5,SYM
273.78125,0.5,SYM
273.78125,0.5,SYM
273.78125,0.5,SYM
273.78125,0.5,SYM
273.78125,0.5,SYM
273.78125,0.5,SYM
273.78125,0.5,SYM
273.78125,0.5,SYM
273.78125,0.5,SYM
273.78125,0.5,SYM
273.78125,0.5,SYM
273.78125,0.5,SYM
273.78125,0.5,SYM
273.78125,0.5,SYM
273.78125,0.5,SYM
273.78125,0.5,SYM
273.78125,0.5,SYM
273.78125,0.5,SYM
273.78125,0.5,SYM
273.78125,0.5,SYM
273.78125,0.5,SYM
273.78125,0.5,SYM
273.78125,0.5,SYM
273.78125,0.5,SYM
273.78125,0.5,SYM
273.78125,0.5,SYM
275.916016,0.5,SYM
275.916016,0.5,SYM
275.916016,0.5,SYM
275.916016,0.5,SYM
275.916016,0.5,SYM
275.916016,0.5,SYM
275.916016,0.5,SYM
275.916016,0.5,SYM
275.916016,0.5,SYM
275.916016,0.5,SYM
275.916016,0.5,SYM
275.916016,0.5,SYM
275.916016,0.5,SYM
275.916016,0.5,SYM
275.916016,0.5,SYM
275.916016,0.5,SYM
275.916016,0.5,SYM
275.916016,0.5,SYM
275.916016,0.5,SYM
275.916016,0.5,SYM
275.916016,0.5,SYM
275.916016,0.5,SYM
275.916016,0.5,SYM
275.916016,0.5,SYM
275.916016,0.5,SYM
275.916016,0.5,SYM
275.916016,0.5,SYM
275.916016,0.5,SYM
275.916016,0.5,SYM
275.916016,0.5,SYM
275.916016,0.5,SYM
275.916016,0.5,SYM
275.916016,0.5,SYM
275.916016,0.5,SYM
275.916016,0.5,SYM
275.916016,0.5,SYM
275.916016,0.5,SYM
275.916016,0.5,SYM
278.417969,0.5,ASYM
278.417969,0.5,ASYM
278.417969,0.5,ASYM
278.417969,0.5,ASYM
278.417969,0.5,ASYM
278.417969,0.5,ASYM
278.417969,0.5,ASYM
278.417969,0.5,ASYM
278.417969,0.5,ASYM
278.417969,0.5,ASYM
278.417969,0.5,ASYM
278.417969,0.5,ASYM
278.417969,0.5,ASYM
278.417969,0.5,ASYM
278.417969,0.5,ASYM
278.417969,0.5,ASYM
278.417969,0.5,ASYM
278.417969,0.5,ASYM
278.417969,0.5,ASYM
278.417969,0.5,ASYM
278.417969,0.5,ASYM
278.417969,0.5,ASYM
278.417969,0.5,ASYM
278.417969,0.5,ASYM
278.417969,0.5,ASYM
278.417969,0.5,ASYM
278.417969,0.5,ASYM
278.417969,0.5,ASYM
278.417969,0.5,ASYM
278.417969,0.5,ASYM
278.417969,0.5,ASYM
278.417969,0.5,ASYM
278.417969,0.5,ASYM
278.417969,0.5,ASYM
278.417969,0.5,ASYM
278.417969,0.5,ASYM
278.417969,0.5,ASYM
278.417969,0.5,ASYM
280.572266,0.5,ASYM
280.572266,0.5,ASYM
280.572266,0.5,ASYM
280.572266,0.5,ASYM
280.572266,0.5,ASYM
280.572266,0.5,ASYM
280.572266,0.5,ASYM
280.572266,0.5,ASYM
280.572266,0.5,ASYM
280.572266,0.5,ASYM
280.572266,0.5,ASYM
280.572266,0.5,ASYM
280.572266,0.5,ASYM
280.572266,0.5,ASYM
280.572266,0.5,ASYM
280.572266,0.5,ASYM
280.572266,0.5,ASYM
280.572266,0.5,ASYM
280.572266,0.5,ASYM
280.572266,0.5,ASYM
280.572266,0.5,ASYM
280.572266,0.5,ASYM
280.572266,0.5,ASYM
280.572266,0.5,ASYM
280.572266,0.5,ASYM
280.572266,0.5,ASYM
280.572266,0.5,ASYM
280.572266,0.5,ASYM
280.572266,0.5,ASYM
280.572266,0.5,ASYM
280.572266,0.5,ASYM
280.572266,0.5,ASYM
280.572266,0.5,ASYM
280.572266,0.5,ASYM
280.572266,0.5,ASYM
280.572266,0.5,ASYM
280.572266,0.5,ASYM
280.572266,0.5,ASYM
282.818359,0.5,SYM
282.818359,0.5,SYM
282.818359,0.5,SYM
282.818359,0.5,SYM
282.818359,0.5,SYM
282.818359,0.5,SYM
282.818359,0.5,SYM
282.818359,0.5,SYM
282.818359,0.5,SYM
282.818359,0.5,SYM
282.818359,0.5,SYM
282.818359,0.5,SYM
282.818359,0.5,SYM
282.818359,0.5,SYM
282.818359,0.5,SYM
282.818359,0.5,SYM
282.818359,0.5,SYM
282.818359,0.5,SYM
282.818359,0.5,SYM
282.818359,0.5,SYM
282.818359,0.5,SYM
282.818359,0.5,SYM
282.818359,0.5,SYM
282.818359,0.5,SYM
282.818359,0.5,SYM
282.818359,0.5,SYM
282.818359,0.5,SYM
282.818359,0.5,SYM
282.818359,0.5,SYM
282.818359,0.5,SYM
282.818359,0.5,SYM
282.818359,0.5,SYM
282.818359,0.5,SYM
282.818359,0.5,SYM
282.818359,0.5,SYM
282.818359,0.5,SYM
282.818359,0.5,SYM
282.818359,0.5,SYM
284.873047,0.5,SYM
284.873047,0.5,SYM
284.873047,0.5,SYM
284.873047,0.5,SYM
284.873047,0.5,SYM
284.873047,0.5,SYM
284.873047,0.5,SYM
284.873047,0.5,SYM
284.873047,0.5,SYM
284.873047,0.5,SYM
284.873047,0.5,SYM
284.873047,0.5,SYM
284.873047,0.5,SYM
284.873047,0.5,SYM
284.873047,0.5,SYM
284.873047,0.5,SYM
284.873047,0.5,SYM
284.873047,0.5,SYM
284.873047,0.5,SYM
284.873047,0.5,SYM
284.873047,0.5,SYM
284.873047,0.5,SYM
284.873047,0.5,SYM
284.873047,0.5,SYM
284.873047,0.5,SYM
284.873047,0.5,SYM
284.873047,0.5,SYM
284.873047,0.5,SYM
284.873047,0.5,SYM
284.873047,0.5,SYM
284.873047,0.5,SYM
284.873047,0.5,SYM
284.873047,0.5,SYM
284.873047,0.5,SYM
284.873047,0.5,SYM
284.873047,0.5,SYM
284.873047,0.5,SYM
284.873047,0.5,SYM
287.251953,0.5,ASYM
287.251953,0.5,ASYM
287.251953,0.5,ASYM
287.251953,0.5,ASYM
287.251953,0.5,ASYM
287.251953,0.5,ASYM
287.251953,0.5,ASYM
287.251953,0.5,ASYM
287.251953,0.5,ASYM
287.251953,0.5,ASYM
287.251953,0.5,ASYM
287.251953,0.5,ASYM
287.251953,0.5,ASYM
287.251953,0.5,ASYM
287.251953,0.5,ASYM
287.251953,0.5,ASYM
287.251953,0.5,ASYM
287.251953,0.5,ASYM
287.251953,0.5,ASYM
287.251953,0.5,ASYM
287.251953,0.5,ASYM
287.251953,0.5,ASYM
287.251953,0.5,ASYM
287.251953,0.5,ASYM
287.251953,0.5,ASYM
287.251953,0.5,ASYM
287.251953,0.5,ASYM
287.251953,0.5,ASYM
287.251953,0.5,ASYM
287.251953,0.5,ASYM
287.251953,0.5,ASYM
287.251953,0.5,ASYM
287.251953,0.5,ASYM
287.251953,0.5,ASYM
287.251953,0.5,ASYM
287.251953,0.5,ASYM
287.251953,0.5,ASYM
287.251953,0.5,ASYM
289.273438,0.5,ASYM
289.273438,0.5,ASYM
289.273438,0.5,ASYM
289.273438,0.5,ASYM
289.273438,0.5,ASYM
289.273438,0.5,ASYM
289.273438,0.5,ASYM
289.273438,0.5,ASYM
289.273438,0.5,ASYM
289.273438,0.5,ASYM
289.273438,0.5,ASYM
289.273438,0.5,ASYM
289.273438,0.5,ASYM
289.273438,0.5,ASYM
289.273438,0.5,ASYM
289.273438,0.5,ASYM
289.273438,0.5,ASYM
289.273438,0.5,ASYM
289.273438,0.5,ASYM
289.273438,0.5,ASYM
289.273438,0.5,ASYM
289.273438,0.5,ASYM
289.273438,0.5,ASYM
289.273438,0.5,ASYM
289.273438,0.5,ASYM
289.273438,0.5,ASYM
289.273438,0.5,ASYM
289.273438,0.5,ASYM
289.273438,0.5,ASYM
289.273438,0.5,ASYM
289.273438,0.5,ASYM
289.273438,0.5,ASYM
289.273438,0.5,ASYM
289.273438,0.5,ASYM
289.273438,0.5,ASYM
289.273438,0.5,ASYM
289.273438,0.5,ASYM
289.273438,0.5,ASYM
291.441406,0.5,ASYM
291.441406,0.5,ASYM
291.441406,0.5,ASYM
291.441406,0.5,ASYM
291.441406,0.5,ASYM
291.441406,0.5,ASYM
291.441406,0.5,ASYM
291.441406,0.5,ASYM
291.441406,0.5,ASYM
291.441406,0.5,ASYM
291.441406,0.5,ASYM
291.441406,0.5,ASYM
291.441406,0.5,ASYM
291.441406,0.5,ASYM
291.441406,0.5,ASYM
291.441406,0.5,ASYM
291.441406,0.5,ASYM
291.441406,0.5,ASYM
291.441406,0.5,ASYM
291.441406,0.5,ASYM
291.441406,0.5,ASYM
291.441406,0.5,ASYM
291.441406,0.5,ASYM
291.441406,0.5,ASYM
291.441406,0.5,ASYM
291.441406,0.5,ASYM
291.441406,0.5,ASYM
291.441406,0.5,ASYM
291.441406,0.5,ASYM
291.441406,0.5,ASYM
291.441406,0.5,ASYM
291.441406,0.5,ASYM
291.441406,0.5,ASYM
291.441406,0.5,ASYM
291.441406,0.5,ASYM
291.441406,0.5,ASYM
291.441406,0.5,ASYM
291.441406,0.5,ASYM
293.640625,0.5,SYM
293.640625,0.5,SYM
293.640625,0.5,SYM
293.640625,0.5,SYM
293.640625,0.5,SYM
293.640625,0.5,SYM
293.640625,0.5,SYM
293.640625,0.5,SYM
293.640625,0.5,SYM
293.640625,0.5,SYM
293.640625,0.5,SYM
293.640625,0.5,SYM
293.640625,0.5,SYM
293.640625,0.5,SYM
293.640625,0.5,SYM
293.640625,0.5,SYM
293.640625,0.5,SYM
293.640625,0.5,SYM
293.640625,0.5,SYM
293.640625,0.5,SYM
293.640625,0.5,SYM
293.640625,0.5,SYM
293.640625,0.5,SYM
293.640625,0.5,SYM
293.640625,0.5,SYM
293.640625,0.5,SYM
293.640625,0.5,SYM
293.640625,0.5,SYM
293.640625,0.5,SYM
293.640625,0.5,SYM
293.640625,0.5,SYM
293.640625,0.5,SYM
293.640625,0.5,SYM
293.640625,0.5,SYM
293.640625,0.5,SYM
293.640625,0.5,SYM
293.640625,0.5,SYM
293.640625,0.5,SYM
295.751953,0.5,SYM
295.751953,0.5,SYM
295.751953,0.5,SYM
295.751953,0.5,SYM
295.751953,0.5,SYM
295.751953,0.5,SYM
295.751953,0.5,SYM
295.751953,0.5,SYM
295.751953,0.5,SYM
295.751953,0.5,SYM
295.751953,0.5,SYM
295.751953,0.5,SYM
295.751953,0.5,SYM
295.751953,0.5,SYM
295.751953,0.5,SYM
295.751953,0.5,SYM
295.751953,0.5,SYM
295.751953,0.5,SYM
295.751953,0.5,SYM
295.751953,0.5,SYM
295.751953,0.5,SYM
295.751953,0.5,SYM
295.751953,0.5,SYM
295.751953,0.5,SYM
295.751953,0.5,SYM
295.751953,0.5,SYM
295.751953,0.5,SYM
295.751953,0.5,SYM
295.751953,0.5,SYM
295.751953,0.5,SYM
295.751953,0.5,SYM
295.751953,0.5,SYM
295.751953,0.5,SYM
295.751953,0.5,SYM
295.751953,0.5,SYM
295.751953,0.5,SYM
295.751953,0.5,SYM
295.751953,0.5,SYM
298.208984,0.5,ASYM
298.208984,0.5,ASYM
298.208984,0.5,ASYM
298.208984,0.5,ASYM
298.208984,0.5,ASYM
298.208984,0.5,ASYM
298.208984,0.5,ASYM
298.208984,0.5,ASYM
298.208984,0.5,ASYM
298.208984,0.5,ASYM
298.208984,0.5,ASYM
298.208984,0.5,ASYM
298.208984,0.5,ASYM
298.208984,0.5,ASYM
298.208984,0.5,ASYM
298.208984,0.5,ASYM
298.208984,0.5,ASYM
298.208984,0.5,ASYM
298.208984,0.5,ASYM
298.208984,0.5,ASYM
298.208984,0.5,ASYM
298.208984,0.5,ASYM
298.208984,0.5,ASYM
298.208984,0.5,ASYM
298.208984,0.5,ASYM
298.208984,0.5,ASYM
298.208984,0.5,ASYM
298.208984,0.5,ASYM
298.208984,0.5,ASYM
298.208984,0.5,ASYM
298.208984,0.5,ASYM
298.208984,0.5,ASYM
298.208984,0.5,ASYM
298.208984,0.5,ASYM
298.208984,0.5,ASYM
298.208984,0.5,ASYM
298.208984,0.5,ASYM
298.208984,0.5,ASYM
300.376953,0.5,SYM
300.376953,0.5,SYM
300.376953,0.5,SYM
300.376953,0.5,SYM
300.376953,0.5,SYM
300.376953,0.5,SYM
300.376953,0.5,SYM
300.376953,0.5,SYM
300.376953,0.5,SYM
300.376953,0.5,SYM
300.376953,0.5,SYM
300.376953,0.5,SYM
300.376953,0.5,SYM
300.376953,0.5,SYM
300.376953,0.5,SYM
300.376953,0.5,SYM
300.376953,0.5,SYM
300.376953,0.5,SYM
300.376953,0.5,SYM
300.376953,0.5,SYM
300.376953,0.5,SYM
300.376953,0.5,SYM
300.376953,0.5,SYM
300.376953,0.5,SYM
300.376953,0.5,SYM
300.376953,0.5,SYM
300.376953,0.5,SYM
300.376953,0.5,SYM
300.376953,0.5,SYM
300.376953,0.5,SYM
300.376953,0.5,SYM
300.376953,0.5,SYM
300.376953,0.5,SYM
300.376953,0.5,SYM
300.376953,0.5,SYM
300.376953,0.5,SYM
300.376953,0.5,SYM
300.376953,0.5,SYM
302.699219,0.5,ASYM
302.699219,0.5,ASYM
302.699219,0.5,ASYM
302.699219,0.5,ASYM
302.699219,0.5,ASYM
302.699219,0.5,ASYM
302.699219,0.5,ASYM
302.699219,0.5,ASYM
302.699219,0.5,ASYM
302.699219,0.5,ASYM
302.699219,0.5,ASYM
302.699219,0.5,ASYM
302.699219,0.5,ASYM
302.699219,0.5,ASYM
302.699219,0.5,ASYM
302.699219,0.5,ASYM
302.699219,0.5,ASYM
302.699219,0.5,ASYM
302.699219,0.5,ASYM
302.699219,0.5,ASYM
302.699219,0.5,ASYM
302.699219,0.5,ASYM
302.699219,0.5,ASYM
302.699219,0.5,ASYM
302.699219,0.5,ASYM
302.699219,0.5,ASYM
302.699219,0.5,ASYM
302.699219,0.5,ASYM
302.699219,0.5,ASYM
302.699219,0.5,ASYM
302.699219,0.5,ASYM
302.699219,0.5,ASYM
302.699219,0.5,ASYM
302.699219,0.5,ASYM
302.699219,0.5,ASYM
302.699219,0.5,ASYM
302.699219,0.5,ASYM
302.699219,0.5,ASYM
305.011719,0.5,ASYM
305.011719,0.5,ASYM
305.011719,0.5,ASYM
305.011719,0.5,ASYM
305.011719,0.5,ASYM
305.011719,0.5,ASYM
305.011719,0.5,ASYM
305.011719,0.5,ASYM
305.011719,0.5,ASYM
305.011719,0.5,ASYM
305.011719,0.5,ASYM
305.011719,0.5,ASYM
305.011719,0.5,ASYM
305.011719,0.5,ASYM
305.011719,0.5,ASYM
305.011719,0.5,ASYM
305.011719,0.5,ASYM
305.011719,0.5,ASYM
305.011719,0.5,ASYM
305.011719,0.5,ASYM
305.011719,0.5,ASYM
305.011719,0.5,ASYM
305.011719,0.5,ASYM
305.011719,0.5,ASYM
305.011719,0.5,ASYM
305.011719,0.5,ASYM
305.011719,0.5,ASYM
305.011719,0.5,ASYM
305.011719,0.5,ASYM
305.011719,0.5,ASYM
305.011719,0.5,ASYM
305.011719,0.5,ASYM
305.011719,0.5,ASYM
305.011719,0.5,ASYM
305.011719,0.5,ASYM
305.011719,0.5,ASYM
305.011719,0.5,ASYM
305.011719,0.5,ASYM
307.167969,0.5,SYM
307.167969,0.5,SYM
307.167969,0.5,SYM
307.167969,0.5,SYM
307.167969,0.5,SYM
307.167969,0.5,SYM
307.167969,0.5,SYM
307.167969,0.5,SYM
307.167969,0.5,SYM
307.167969,0.5,SYM
307.167969,0.5,SYM
307.167969,0.5,SYM
307.167969,0.5,SYM
307.167969,0.5,SYM
307.167969,0.5,SYM
307.167969,0.5,SYM
307.167969,0.5,SYM
307.167969,0.5,SYM
307.167969,0.5,SYM
307.167969,0.5,SYM
307.167969,0.5,SYM
307.167969,0.5,SYM
307.167969,0.5,SYM
307.167969,0.5,SYM
307.167969,0.5,SYM
307.167969,0.5,SYM
307.167969,0.5,SYM
307.167969,0.5,SYM
307.167969,0.5,SYM
307.167969,0.5,SYM
307.167969,0.5,SYM
307.167969,0.5,SYM
307.167969,0.5,SYM
307.167969,0.5,SYM
307.167969,0.5,SYM
307.167969,0.5,SYM
307.167969,0.5,SYM
307.167969,0.5,SYM
309.267578,0.5,ASYM
309.267578,0.5,ASYM
309.267578,0.5,ASYM
309.267578,0.5,ASYM
309.267578,0.5,ASYM
309.267578,0.5,ASYM
309.267578,0.5,ASYM
309.267578,0.5,ASYM
309.267578,0.5,ASYM
309.267578,0.5,ASYM
309.267578,0.5,ASYM
309.267578,0.5,ASYM
309.267578,0.5,ASYM
309.267578,0.5,ASYM
309.267578,0.5,ASYM
309.267578,0.5,ASYM
309.267578,0.5,ASYM
309.267578,0.5,ASYM
309.267578,0.5,ASYM
309.267578,0.5,ASYM
309.267578,0.5,ASYM
309.267578,0.5,ASYM
309.267578,0.5,ASYM
309.267578,0.5,ASYM
309.267578,0.5,ASYM
309.267578,0.5,ASYM
309.267578,0.5,ASYM
309.267578,0.5,ASYM
309.267578,0.5,ASYM
309.267578,0.5,ASYM
309.267578,0.5,ASYM
309.267578,0.5,ASYM
309.267578,0.5,ASYM
309.267578,0.5,ASYM
309.267578,0.5,ASYM
309.267578,0.5,ASYM
309.267578,0.5,ASYM
309.267578,0.5,ASYM
311.400391,0.5,SYM
311.400391,0.5,SYM
311.400391,0.5,SYM
311.400391,0.5,SYM
311.400391,0.5,SYM
311.400391,0.5,SYM
311.400391,0.5,SYM
311.400391,0.5,SYM
311.400391,0.5,SYM
311.400391,0.5,SYM
311.400391,0.5,SYM
311.400391,0.5,SYM
311.400391,0.5,SYM
311.400391,0.5,SYM
311.400391,0.5,SYM
311.400391,0.5,SYM
311.400391,0.5,SYM
311.400391,0.5,SYM
311.400391,0.5,SYM
311.400391,0.5,SYM
311.400391,0.5,SYM
311.400391,0.5,SYM
311.400391,0.5,SYM
311.400391,0.5,SYM
311.400391,0.5,SYM
311.400391,0.5,SYM
311.400391,0.5,SYM
311.400391,0.5,SYM
311.400391,0.5,SYM
311.400391,0.5,SYM
311.400391,0.5,SYM
311.400391,0.5,SYM
311.400391,0.5,SYM
311.400391,0.5,SYM
311.400391,0.5,SYM
311.400391,0.5,SYM
311.400391,0.5,SYM
311.400391,0.5,SYM
313.486328,0.5,ASYM
313.486328,0.5,ASYM
313.486328,0.5,ASYM
313.486328,0.5,ASYM
313.486328,0.5,ASYM
313.486328,0.5,ASYM
313.486328,0.5,ASYM
313.486328,0.5,ASYM
313.486328,0.5,ASYM
313.486328,0.5,ASYM
313.486328,0.5,ASYM
313.486328,0.5,ASYM
313.486328,0.5,ASYM
313.486328,0.5,ASYM
313.486328,0.5,ASYM
313.486328,0.5,ASYM
313.486328,0.5,ASYM
313.486328,0.5,ASYM
313.486328,0.5,ASYM
313.486328,0.5,ASYM
313.486328,0.5,ASYM
313.486328,0.5,ASYM
313.486328,0.5,ASYM
313.486328,0.5,ASYM
313.486328,0.5,ASYM
313.486328,0.5,ASYM
313.486328,0.5,ASYM
313.486328,0.5,ASYM
313.486328,0.5,ASYM
313.486328,0.5,ASYM
313.486328,0.5,ASYM
313.486328,0.5,ASYM
313.486328,0.5,ASYM
313.486328,0.5,ASYM
313.486328,0.5,ASYM
313.486328,0.5,ASYM
313.486328,0.5,ASYM
313.486328,0.5,ASYM
315.578125,0.5,SYM
315.578125,0.5,SYM
315.578125,0.5,SYM
315.578125,0.5,SYM
315.578125,0.5,SYM
315.578125,0.5,SYM
315.578125,0.5,SYM
315.578125,0.5,SYM
315.578125,0.5,SYM
315.578125,0.5,SYM
315.578125,0.5,SYM
315.578125,0.5,SYM
315.578125,0.5,SYM
315.578125,0.5,SYM
315.578125,0.5,SYM
315.578125,0.5,SYM
315.578125,0.5,SYM
315.578125,0.5,SYM
315.578125,0.5,SYM
315.578125,0.5,SYM
315.578125,0.5,SYM
315.578125,0.5,SYM
315.578125,0.5,SYM
315.578125,0.5,SYM
315.578125,0.5,SYM
315.578125,0.5,SYM
315.578125,0.5,SYM
315.578125,0.5,SYM
315.578125,0.5,SYM
315.578125,0.5,SYM
315.578125,0.5,SYM
315.578125,0.5,SYM
315.578125,0.5,SYM
315.578125,0.5,SYM
315.578125,0.5,SYM
315.578125,0.5,SYM
315.578125,0.5,SYM
315.578125,0.5,SYM
317.710938,0.5,SYM
317.710938,0.5,SYM
317.710938,0.5,SYM
317.710938,0.5,SYM
317.710938,0.5,SYM
317.710938,0.5,SYM
317.710938,0.5,SYM
317.710938,0.5,SYM
317.710938,0.5,SYM
317.710938,0.5,SYM
317.710938,0.5,SYM
317.710938,0.5,SYM
317.710938,0.5,SYM
317.710938,0.5,SYM
317.710938,0.5,SYM
317.710938,0.5,SYM
317.710938,0.5,SYM
317.710938,0.5,SYM
317.710938,0.5,SYM
317.710938,0.5,SYM
317.710938,0.5,SYM
317.710938,0.5,SYM
317.710938,0.5,SYM
317.710938,0.5,SYM
317.710938,0.5,SYM
317.710938,0.5,SYM
317.710938,0.5,SYM
317.710938,0.5,SYM
317.710938,0.5,SYM
317.710938,0.5,SYM
317.710938,0.5,SYM
317.710938,0.5,SYM
317.710938,0.5,SYM
317.710938,0.5,SYM
317.710938,0.5,SYM
317.710938,0.5,SYM
317.710938,0.5,SYM
317.710938,0.5,SYM
320.660156,0.5,SYM
320.660156,0.5,SYM
320.660156,0.5,SYM
320.660156,0.5,SYM
320.660156,0.5,SYM
320.660156,0.5,SYM
320.660156,0.5,SYM
320.660156,0.5,SYM
320.660156,0.5,SYM
320.660156,0.5,SYM
320.660156,0.5,SYM
320.660156,0.5,SYM
320.660156,0.5,SYM
320.660156,0.5,SYM
320.660156,0.5,SYM
320.660156,0.5,SYM
320.660156,0.5,SYM
320.660156,0.5,SYM
320.660156,0.5,SYM
320.660156,0.5,SYM
320.660156,0.5,SYM
320.660156,0.5,SYM
320.660156,0.5,SYM
320.660156,0.5,SYM
320.660156,0.5,SYM
320.660156,0.5,SYM
320.660156,0.5,SYM
320.660156,0.5,SYM
320.660156,0.5,SYM
320.660156,0.5,SYM
320.660156,0.5,SYM
320.660156,0.5,SYM
320.660156,0.5,SYM
320.660156,0.5,SYM
320.660156,0.5,SYM
320.660156,0.5,SYM
320.660156,0.5,SYM
320.660156,0.5,SYM
322.960938,0.5,SYM
322.960938,0.5,SYM
322.960938,0.5,SYM
322.960938,0.5,SYM
322.960938,0.5,SYM
322.960938,0.5,SYM
322.960938,0.5,SYM
322.960938,0.5,SYM
322.960938,0.5,SYM
322.960938,0.5,SYM
322.960938,0.5,SYM
322.960938,0.5,SYM
322.960938,0.5,SYM
322.960938,0.5,SYM
322.960938,0.5,SYM
322.960938,0.5,SYM
322.960938,0.5,SYM
322.960938,0.5,SYM
322.960938,0.5,SYM
322.960938,0.5,SYM
322.960938,0.5,SYM
322.960938,0.5,SYM
322.960938,0.5,SYM
322.960938,0.5,SYM
322.960938,0.5,SYM
322.960938,0.5,SYM
322.960938,0.5,SYM
322.960938,0.5,SYM
322.960938,0.5,SYM
322.960938,0.5,SYM
322.960938,0.5,SYM
322.960938,0.5,SYM
322.960938,0.5,SYM
322.960938,0.5,SYM
322.960938,0.5,SYM
322.960938,0.5,SYM
322.960938,0.5,SYM
322.960938,0.5,SYM
325.261719,0.5,SYM
325.261719,0.5,SYM
325.261719,0.5,SYM
325.261719,0.5,SYM
325.261719,0.5,SYM
325.261719,0.5,SYM
325.261719,0.5,SYM
325.261719,0.5,SYM
325.261719,0.5,SYM
325.261719,0.5,SYM
325.261719,0.5,SYM
325.261719,0.5,SYM
325.261719,0.5,SYM
325.261719,0.5,SYM
325.261719,0.5,SYM
325.261719,0.5,SYM
325.261719,0.5,SYM
325.261719,0.5,SYM
325.261719,0.5,SYM
325.261719,0.5,SYM
325.261719,0.5,SYM
325.261719,0.5,SYM
325.261719,0.5,SYM
325.261719,0.5,SYM
325.261719,0.5,SYM
325.261719,0.5,SYM
325.261719,0.5,SYM
325.261719,0.5,SYM
325.261719,0.5,SYM
325.261719,0.5,SYM
325.261719,0.5,SYM
325.261719,0.5,SYM
325.261719,0.5,SYM
325.261719,0.5,SYM
325.261719,0.5,SYM
325.261719,0.5,SYM
325.261719,0.5,SYM
325.261719,0.5,SYM
